community_id,conn_state,duration,history,src_ip_zeek,src_port_zeek,dest_ip_zeek,dest_port_zeek,local_orig,local_resp,missed_bytes,orig_bytes,orig_ip_bytes,orig_pkts,proto,resp_bytes,resp_ip_bytes,resp_pkts,service,ts,uid,datetime,label_tactic,label_technique,label_binary,label_cve
1:7bbTqwz2S8flouwTZcxLZqmiruA=,S0,0.00127410888671875,S,143.88.14.11,33753,143.88.15.12,445,false,false,0,0,240,4,tcp,0,0,0,,1.711556932414608E9,CWaETQ34rgQ8Nv0atf,2024-03-27T16:28:52.414Z,Privilege Escalation,Duplicate,Duplicate,Duplicate
1:I297Oas3EFFestpKNuHEf8gr34U=,S0,0.0013971328735351562,S,143.88.7.11,37835,143.88.8.13,445,false,false,0,0,240,4,tcp,0,0,0,,1.711517604203456E9,CG33432GaCu510ftb6,2024-03-27T05:33:24.203Z,Privilege Escalation,Duplicate,Duplicate,Duplicate
1:DPlIMobpsSxVRQ9YcRRRXvaiuLs=,S0,0.0018270015716552734,S,143.88.11.10,37475,143.88.12.14,445,false,false,0,0,240,4,tcp,0,0,0,,1.711551329218657E9,C0A2Yw3hWFHnF2FrM6,2024-03-27T14:55:29.218Z,Privilege Escalation,Duplicate,Duplicate,Duplicate
1:6rvmmeXwvhqxLOqTaWDO4NrR/0M=,S0,0.0014328956604003906,S,143.88.9.12,41123,143.88.10.11,445,false,false,0,0,240,4,tcp,0,0,0,,1.71154210389806E9,CifOAy4EyHLhgP9Jy1,2024-03-27T12:21:43.898Z,Privilege Escalation,Duplicate,Duplicate,Duplicate
1:hP9Smm/rJFGFtmKKKlwIz28K1oI=,S0,0.0014939308166503906,S,143.88.2.17,44205,143.88.3.14,445,false,false,0,0,240,4,tcp,0,0,0,,1.7113020999875E9,C5XiVz4Wf89nGJocRb,2024-03-24T17:41:39.987Z,Privilege Escalation,Duplicate,Duplicate,Duplicate
1:luSQ3apCij608HVEeBYrH9OGugY=,S0,8.800029754638672E-4,S,143.88.11.10,43695,143.88.12.14,445,false,false,0,0,240,4,tcp,0,0,0,,1.711281061211271E9,CKIpda41KHYuihqis3,2024-03-24T11:51:01.211Z,Privilege Escalation,Duplicate,Duplicate,Duplicate
1:VUKwPucZSzuHaafjKvr0hfpYUzA=,S0,0.0014979839324951172,S,143.88.5.14,46105,143.88.6.13,445,false,false,0,0,240,4,tcp,0,0,0,,1.71131507057429E9,CP9Ec7D0v9KCGxzN,2024-03-24T21:17:50.574Z,Privilege Escalation,Duplicate,Duplicate,Duplicate
1:XcehT7zyMhRvm4UyEbDAKrH4U3A=,S0,0.0012090206146240234,S,143.88.13.12,46583,143.88.14.12,445,false,false,0,0,240,4,tcp,0,0,0,,1.71127246277794E9,CGhxohmIQLFpXLvck,2024-03-24T09:27:42.777Z,Privilege Escalation,Duplicate,Duplicate,Duplicate
1:pHc6yA8rRycwTtn5+j0HJC640/M=,S0,0.0015881061553955078,S,143.88.5.14,44585,143.88.6.13,445,false,false,0,0,240,4,tcp,0,0,0,,1.711524207687542E9,CL8Och1Llk2raVP6li,2024-03-27T07:23:27.687Z,Privilege Escalation,Duplicate,Duplicate,Duplicate
1:wYslPxO0NDFPScSaO8wsRTtp4P0=,S0,0.0011420249938964844,S,143.88.2.17,34283,143.88.3.14,445,false,false,0,0,240,4,tcp,0,0,0,,1.711557757849633E9,CMlq444eTv8J3pCbJ6,2024-03-27T16:42:37.849Z,Privilege Escalation,Duplicate,Duplicate,Duplicate
1:uT5eCpSmy9Re5efkor6msiWNd7w=,S0,0.0012829303741455078,S,143.88.2.17,40315,143.88.3.14,445,false,false,0,0,240,4,tcp,0,0,0,,1.711577146255718E9,CKBRlFhEP0wbFUN0a,2024-03-27T22:05:46.255Z,Privilege Escalation,Duplicate,Duplicate,Duplicate
1:pm05V9+QWcdnmJjcKpiyNGQ0p2Y=,RSTO,0.19942402839660645,ShADTdtTtR,143.88.12.12,41947,143.88.13.10,445,false,false,0,13121,58964,124,tcp,2858,17288,112,"smb,gssapi,ntlm",1.711304899223391E9,CIr0HC2bwzIYPE0izb,2024-03-24T18:28:19.223Z,Privilege Escalation,Duplicate,Duplicate,Duplicate
1:PJfSpY2X+zkXo3/vTiBFFP5e0AY=,RSTO,0.39792394638061523,ShADTFadtR,143.88.1.18,38185,143.88.2.20,445,false,false,0,73,1316,20,tcp,174,1352,12,gssapi,1.711279344488116E9,CGQaeh4X4B8cR8Vbd8,2024-03-24T11:22:24.488Z,Privilege Escalation,Duplicate,Duplicate,Duplicate
1:UZ3/XMQHT6oNqkalJGCx9BlDIVY=,RSTR,0.713374137878418,ShADTdtTtTtFar,143.88.12.12,36403,143.88.13.10,445,false,false,0,24560,111792,260,tcp,6484,39232,256,"ntlm,dce_rpc,gssapi,smb",1.711249572850483E9,CIZdf83FkU8of84Qw4,2024-03-24T03:06:12.850Z,Privilege Escalation,Duplicate,Duplicate,Duplicate
1:9QA5LdChfCf/lLgPtWOmNPaFdSU=,S0,0.001435995101928711,S,143.88.2.17,41389,143.88.3.14,445,false,false,0,0,240,4,tcp,0,0,0,,1.711514964232622E9,CqyXtwjp8R0BmOpcf,2024-03-27T04:49:24.232Z,Privilege Escalation,Duplicate,Duplicate,Duplicate
1:3L4VT7rqC5ZDIFjG6m5iocPZ+NE=,S0,0.0011641979217529297,S,143.88.14.11,46727,143.88.15.12,445,false,false,0,0,240,4,tcp,0,0,0,,1.71127081774676E9,Chf5HH4SuQ0j0SNE8,2024-03-24T09:00:17.746Z,Privilege Escalation,Duplicate,Duplicate,Duplicate
1:O7X3I2Fa1ffypNQVYKrpNaS+6sw=,S0,0.0013091564178466797,S,143.88.2.17,41637,143.88.3.14,445,false,false,0,0,240,4,tcp,0,0,0,,1.711309449354775E9,CSSIEy28CUvbu2IKP5,2024-03-24T19:44:09.354Z,Privilege Escalation,Duplicate,Duplicate,Duplicate
1:k6wtIp66imZY5VoR41mXlUJe1pA=,S0,0.001336812973022461,S,143.88.9.12,46311,143.88.10.11,445,false,false,0,0,240,4,tcp,0,0,0,,1.711531551118462E9,Cv3yeI3P8rRVmDgnqg,2024-03-27T09:25:51.118Z,Privilege Escalation,Duplicate,Duplicate,Duplicate
1:aNicO5Fs04nwpptUA1POwzOQ0Kk=,S0,0.0022919178009033203,S,143.88.8.12,45565,143.88.9.10,445,false,false,0,0,240,4,tcp,0,0,0,,1.711278072684199E9,CmhNzm32HZgaVSmaQi,2024-03-24T11:01:12.684Z,Privilege Escalation,Duplicate,Duplicate,Duplicate
1:RlxhJ0DrSHA9DaySc1/HVVYySuE=,S0,8.249282836914062E-4,S,143.88.7.11,44311,143.88.8.13,445,false,false,0,0,240,4,tcp,0,0,0,,1.711323750015671E9,CmS1fY3nU6MyJNCUI1,2024-03-24T23:42:30.015Z,Privilege Escalation,Duplicate,Duplicate,Duplicate
1:XBJc91vHYIe0go3RR9EtahCtmRk=,S0,0.0011408329010009766,S,143.88.8.12,36731,143.88.9.10,445,false,false,0,0,240,4,tcp,0,0,0,,1.711258755574233E9,CLu32n1nOsdeKJIdOi,2024-03-24T05:39:15.574Z,Privilege Escalation,Duplicate,Duplicate,Duplicate
1:QoSDhhAdtAAEerA2RrsmmV1Kxxw=,S0,0.001569986343383789,S,143.88.6.11,36985,143.88.7.14,445,false,false,0,0,240,4,tcp,0,0,0,,1.711551147123025E9,CBoTwLDXr5L4R2np6,2024-03-27T14:52:27.123Z,Privilege Escalation,Duplicate,Duplicate,Duplicate
1:mP/8m9wI531PqyL4Ub/RWMB7hVg=,S0,0.0014739036560058594,S,143.88.3.11,40755,143.88.4.12,445,false,false,0,0,240,4,tcp,0,0,0,,1.71153954539838E9,CjOml22wr0xJrjd0w8,2024-03-27T11:39:05.398Z,Privilege Escalation,Duplicate,Duplicate,Duplicate
1:wz1YD3EtjtaLTjOY/0eLkjr7uHc=,S0,0.0012240409851074219,S,143.88.8.12,45183,143.88.9.10,445,false,false,0,0,240,4,tcp,0,0,0,,1.711263124854419E9,C2rbhn2YKgblu4mLBl,2024-03-24T06:52:04.854Z,Privilege Escalation,Duplicate,Duplicate,Duplicate
1:uHoKSXxy140zwO48fWJJ7rPYR1E=,S0,0.0020999908447265625,S,143.88.14.11,45385,143.88.15.12,445,false,false,0,0,240,4,tcp,0,0,0,,1.711526185598512E9,CAfQ1u4ZInbjvh0sp3,2024-03-27T07:56:25.598Z,Privilege Escalation,Duplicate,Duplicate,Duplicate
1:RNJTuBr4516zDO5dLYn+hnbm1Lg=,S0,0.0013170242309570312,S,143.88.9.12,41253,143.88.10.11,445,false,false,0,0,240,4,tcp,0,0,0,,1.71125351547806E9,CQ6VAp3xpNj9q3Rqod,2024-03-24T04:11:55.478Z,Privilege Escalation,Duplicate,Duplicate,Duplicate
1:gc9cnsXkLvbR5BUawuV9ydd8CLE=,S0,0.0021200180053710938,S,143.88.7.11,34039,143.88.8.13,445,false,false,0,0,240,4,tcp,0,0,0,,1.711265451199105E9,Ch9dgI2ogNH7dTZiBc,2024-03-24T07:30:51.199Z,Privilege Escalation,Duplicate,Duplicate,Duplicate
1:s2hHpr2PiSKi/MsMugG3mp5gPko=,S0,0.0014240741729736328,S,143.88.7.11,37629,143.88.8.13,445,false,false,0,0,240,4,tcp,0,0,0,,1.711560623074236E9,CYv9Vm4aYzMhIvmGfd,2024-03-27T17:30:23.074Z,Privilege Escalation,Duplicate,Duplicate,Duplicate
1:8WpKwfq0DBKxZQZfX8o0sCKm3uE=,S0,0.0018239021301269531,S,143.88.2.17,38685,143.88.3.14,445,false,false,0,0,240,4,tcp,0,0,0,,1.711537925769901E9,CzMOb31J8pAkoKBiLc,2024-03-27T11:12:05.769Z,Privilege Escalation,Duplicate,Duplicate,Duplicate
1:Pyc2eswM2avjFUHO5GaMoSPo/rQ=,S0,0.0014851093292236328,S,143.88.8.12,41967,143.88.9.10,445,false,false,0,0,240,4,tcp,0,0,0,,1.711536136693208E9,Chu66b1NROnyA5l6u5,2024-03-27T10:42:16.693Z,Privilege Escalation,Duplicate,Duplicate,Duplicate
1:J/5QBGnnFcLMARf6s4jyk6uspr0=,S0,0.001569986343383789,S,143.88.2.17,35167,143.88.3.14,445,false,false,0,0,240,4,tcp,0,0,0,,1.711575165592586E9,CK7r0I2dPOSICBXVQe,2024-03-27T21:32:45.592Z,Privilege Escalation,Duplicate,Duplicate,Duplicate
1:+hOnbMgJ83fzU3xA+1OuV95rlsI=,RSTO,4.752967834472656,ShADTadtTtR,143.88.1.18,38885,143.88.2.20,445,false,false,0,8713,40500,108,tcp,2142,13800,100,"gssapi,smb,ntlm",1.709466823827438E9,CVYd368MIp3yd38L1,2024-03-03T11:53:43.827Z,Privilege Escalation,Duplicate,Duplicate,Duplicate
1:znahWLG88LCneZAYolAgVMqNTxU=,S0,0.0010628700256347656,S,143.88.4.11,41721,143.88.5.12,445,false,false,0,0,240,4,tcp,0,0,0,,1.709492290486217E9,C7udgc12S7AdtfnX33,2024-03-03T18:58:10.486Z,Privilege Escalation,Duplicate,Duplicate,Duplicate
1:Y20iMHoor6nJMuHVrBYIZDa8B7E=,S0,0.0012440681457519531,S,143.88.4.11,38681,143.88.5.12,445,false,false,0,0,240,4,tcp,0,0,0,,1.709496031993003E9,CDFUM2RHrgb3GDiy3,2024-03-03T20:00:31.993Z,Privilege Escalation,Duplicate,Duplicate,Duplicate
1:8ss/HIoPnvKjM876s9UqUOFO9FE=,S0,6.208419799804688E-4,S,143.88.14.11,36603,143.88.15.12,445,false,false,0,0,240,4,tcp,0,0,0,,1.709508649104108E9,CB7GSE2W3aj9jhUYq3,2024-03-03T23:30:49.104Z,Privilege Escalation,Duplicate,Duplicate,Duplicate
1:MerD8lzGjDrxOrklp4cXvXE/F9M=,S0,0.0010390281677246094,S,143.88.7.11,36181,143.88.8.13,445,false,false,0,0,240,4,tcp,0,0,0,,1.709437746964655E9,CdjIWMOCdxZwGcAcd,2024-03-03T03:49:06.964Z,Privilege Escalation,Duplicate,Duplicate,Duplicate
1:yG2D96yd1dPornZZOtt9CbZhj0o=,RSTO,0.20012879371643066,ShADTdtTtR,143.88.12.12,32841,143.88.13.10,445,false,false,0,10041,45604,104,tcp,2438,14568,92,"ntlm,smb,gssapi",1.709429377893639E9,Ch5Md92dvO4635W3i4,2024-03-03T01:29:37.893Z,Privilege Escalation,Duplicate,Duplicate,Duplicate
1:dA+jLSOYTegahJ0Rhgg9CzV9JV8=,S0,0.0017080307006835938,S,143.88.6.11,43885,143.88.7.14,445,false,false,0,0,240,4,tcp,0,0,0,,1.709475509330602E9,CSw32D4YZXmoeMApj3,2024-03-03T14:18:29.330Z,Privilege Escalation,Duplicate,Duplicate,Duplicate
1:EvQQgRRauUsOtKq5S1ExtBfBUZc=,S0,0.001806020736694336,S,143.88.2.17,46873,143.88.3.14,445,false,false,0,0,240,4,tcp,0,0,0,,1.709508258082825E9,CKeZIV2a8JCNMgfpL9,2024-03-03T23:24:18.082Z,Privilege Escalation,Duplicate,Duplicate,Duplicate
1:mkzJ5RfXdw/shsBjrQqMuSAEQxs=,S0,0.0010819435119628906,S,143.88.2.17,33229,143.88.3.14,445,false,false,0,0,240,4,tcp,0,0,0,,1.709458318401309E9,CP9Qdv2oWvNCglTVi5,2024-03-03T09:31:58.401Z,Privilege Escalation,Duplicate,Duplicate,Duplicate
1:M3DdSwIapKR0yS/9t5XmdiMbZpw=,RSTR,9.530756950378418,ShADTadtTtTtFr,143.88.1.18,33929,143.88.2.20,445,false,false,0,15307,72800,200,tcp,4690,29448,204,"ntlm,dce_rpc,smb,gssapi",1.709449383422916E9,CMnKZB18KZDn6omF11,2024-03-03T07:03:03.422Z,Privilege Escalation,Duplicate,Duplicate,Duplicate
1:PuDhAXurfnCA1kfHiPxNGZRFU9Q=,S0,9.779930114746094E-4,S,143.88.15.10,41921,143.88.1.19,445,false,false,0,0,240,4,tcp,0,0,0,,1.709499546048867E9,C4V9n42ya7hOsbkG37,2024-03-03T20:59:06.048Z,Privilege Escalation,Duplicate,Duplicate,Duplicate
1:gRsAwbh3lfOBzirVMpvcXZfibkc=,S0,0.001104116439819336,S,143.88.11.10,34155,143.88.12.14,445,false,false,0,0,240,4,tcp,0,0,0,,1.709455568783294E9,CQNqOM1ZVBK9KqnZZ3,2024-03-03T08:46:08.783Z,Privilege Escalation,Duplicate,Duplicate,Duplicate
1:76vpdhAsj67xu6JGjfFhPiBeXNg=,S0,0.0013358592987060547,S,143.88.14.11,37453,143.88.15.12,445,false,false,0,0,240,4,tcp,0,0,0,,1.709449976614921E9,Czw8MG3mKppj0OGIxj,2024-03-03T07:12:56.614Z,Privilege Escalation,Duplicate,Duplicate,Duplicate
1:cajFWUsNeMKAVpjs2eEs4OgL+/M=,S0,0.0014841556549072266,S,143.88.3.11,36101,143.88.4.12,445,false,false,0,0,240,4,tcp,0,0,0,,1.709436476789883E9,Cdezju4bL8yt0yZF6l,2024-03-03T03:27:56.789Z,Privilege Escalation,Duplicate,Duplicate,Duplicate
1:baaQLtuYsRivehJDDh9RulDeZhQ=,S0,0.002028942108154297,S,143.88.3.11,43373,143.88.4.12,445,false,false,0,0,240,4,tcp,0,0,0,,1.709445717207299E9,CQVPzmkVJnqnbGdp6,2024-03-03T06:01:57.207Z,Privilege Escalation,Duplicate,Duplicate,Duplicate
1:K+2/hiPAg7xeQXr/Iw/qr5w5X1k=,S0,0.001107931137084961,S,143.88.14.11,39815,143.88.15.12,445,false,false,0,0,240,4,tcp,0,0,0,,1.709491802486819E9,CiKUpy1ge1JdsX0XNk,2024-03-03T18:50:02.486Z,Privilege Escalation,Duplicate,Duplicate,Duplicate
1:N9h5EqSyGBo7MkYMlyyalDhIRkw=,S0,0.0011739730834960938,S,143.88.13.12,39389,143.88.14.12,445,false,false,0,0,240,4,tcp,0,0,0,,1.709447658538659E9,C1nZ9d3356OIBrP3Fh,2024-03-03T06:34:18.538Z,Privilege Escalation,Duplicate,Duplicate,Duplicate
1:7sVWHvUWFGVEQQe7+xT5bqW0LAs=,S0,0.0013799667358398438,S,143.88.4.11,35567,143.88.5.12,445,false,false,0,0,240,4,tcp,0,0,0,,1.709485117689706E9,CHqQkI1FU6lPPlwW32,2024-03-03T16:58:37.689Z,Privilege Escalation,Duplicate,Duplicate,Duplicate
1:rlwAUGiBFJlmofYZnzWp/+1HEXo=,S0,0.003367900848388672,S,143.88.6.11,41913,143.88.7.14,445,false,false,0,0,240,4,tcp,0,0,0,,1.709484440917053E9,CSJ5EF2vmrFDarSvoj,2024-03-03T16:47:20.917Z,Privilege Escalation,Duplicate,Duplicate,Duplicate
1:u31JLO0JIjKgH3FQ/ydiwHnj8Qw=,S0,0.001199960708618164,S,143.88.13.12,45303,143.88.14.12,445,false,false,0,0,240,4,tcp,0,0,0,,1.709426126617472E9,CH1Iar1RCd8UXO8xGe,2024-03-03T00:35:26.617Z,Privilege Escalation,Duplicate,Duplicate,Duplicate
1:1SPcEBSlac5YKiUrD5V/NzfH1No=,RSTO,0.2567620277404785,ShADTFadtR,143.88.1.18,36389,143.88.2.20,445,false,false,0,73,1316,20,tcp,174,1352,12,gssapi,1.70946827059186E9,CLmMdd4LJD8Cy6Ffh5,2024-03-03T12:17:50.591Z,Privilege Escalation,Duplicate,Duplicate,Duplicate
1:VwYL/F0XFTEatzPAc9Ol9HYj9Vc=,S0,0.001062154769897461,S,143.88.4.11,35663,143.88.5.12,445,false,false,0,0,240,4,tcp,0,0,0,,1.711108686368558E9,CH5pvGQmecA22L1g8,2024-03-22T11:58:06.368Z,Privilege Escalation,Duplicate,Duplicate,Duplicate
1:WlYXN+8EUSVHJWBBsGcxdKwHVZE=,S0,0.0011780261993408203,S,143.88.11.10,42051,143.88.12.14,445,false,false,0,0,240,4,tcp,0,0,0,,1.711223783988262E9,CNf57U2tbIWRrvmMs7,2024-03-23T19:56:23.988Z,Privilege Escalation,Duplicate,Duplicate,Duplicate
1:fS2F/uqKu9AkSqzsyClV6nSlx1w=,S0,0.0011839866638183594,S,143.88.9.12,35787,143.88.10.11,445,false,false,0,0,240,4,tcp,0,0,0,,1.711127591346477E9,C5wd6d1yGwwHDjI6L9,2024-03-22T17:13:11.346Z,Privilege Escalation,Duplicate,Duplicate,Duplicate
1:JG5GUksYVO0xVH722qXlb+QcvS4=,S0,0.0014870166778564453,S,143.88.13.12,43901,143.88.14.12,445,false,false,0,0,240,4,tcp,0,0,0,,1.71071377692576E9,Co8qB12MPsumpN9Gbh,2024-03-17T22:16:16.925Z,Privilege Escalation,Duplicate,Duplicate,Duplicate
1:B9KgGMCVzX0YQmZm98FTcB6FmO8=,S0,0.001856088638305664,S,143.88.7.11,46867,143.88.8.13,445,false,false,0,0,240,4,tcp,0,0,0,,1.710736099522038E9,CeJYdQ34i7Jbiwtqme,2024-03-18T04:28:19.522Z,Privilege Escalation,Duplicate,Duplicate,Duplicate
1:DBVUxmhft6jny3z7pKDnrrVwWJ8=,RSTO,16.376940965652466,ShADTadtTtTtFR,143.88.1.18,41305,143.88.2.20,445,false,false,0,14981,71032,192,tcp,4302,33144,304,"smb,dce_rpc,ntlm,gssapi",1.710682570673476E9,CjGXF91V3JLuywI3Q5,2024-03-17T13:36:10.673Z,Privilege Escalation,Duplicate,Duplicate,Duplicate
1:om3c3O7N0WJINOaByGoLbsjCBcc=,RSTO,18.834938049316406,ShADTadtTtTtFR,143.88.1.18,39145,143.88.2.20,445,false,false,0,15295,71856,200,tcp,4643,35292,320,"gssapi,dce_rpc,ntlm,smb",1.71073695835111E9,CwuUu04C1lX6gl6GX4,2024-03-18T04:42:38.351Z,Privilege Escalation,Duplicate,Duplicate,Duplicate
1:ldbCBfg08jjPkS+OTkH6khFbEBc=,S0,9.419918060302734E-4,S,143.88.15.10,33079,143.88.1.19,445,false,false,0,0,240,4,tcp,0,0,0,,1.710894030579629E9,C6uJQY3uL8qti6BeQa,2024-03-20T00:20:30.579Z,Privilege Escalation,Duplicate,Duplicate,Duplicate
1:3pee3W48eVnuHAlzfeXONjaMFZc=,S0,0.0011620521545410156,S,143.88.3.11,36247,143.88.4.12,445,false,false,0,0,240,4,tcp,0,0,0,,1.710827708270521E9,CdLlIw3avfmy5hg07d,2024-03-19T05:55:08.270Z,Privilege Escalation,Duplicate,Duplicate,Duplicate
1:bylsCpoguRYUkTfqeobxn4iFIrA=,S0,0.0012059211730957031,S,143.88.8.12,43729,143.88.9.10,445,false,false,0,0,240,4,tcp,0,0,0,,1.710719236663665E9,Com3p541BUM7oHsk2g,2024-03-17T23:47:16.663Z,Privilege Escalation,Duplicate,Duplicate,Duplicate
1:FOeGTI4innrDwGHRbmdXMX5Q6u4=,S0,0.0013470649719238281,S,143.88.6.11,40005,143.88.7.14,445,false,false,0,0,240,4,tcp,0,0,0,,1.710911720988339E9,CbmaNl4KbMxd2eIWij,2024-03-20T05:15:20.988Z,Privilege Escalation,Duplicate,Duplicate,Duplicate
1:XqqsJo9X6wMGM8G+iv032iGPD40=,S0,0.00138092041015625,S,143.88.15.10,34243,143.88.1.19,445,false,false,0,0,240,4,tcp,0,0,0,,1.71073098697983E9,CfV1rYge3FYcTjeUi,2024-03-18T03:03:06.979Z,Privilege Escalation,Duplicate,Duplicate,Duplicate
1:qVxYZRJCu4b0/gz9iJQtrd0xOFs=,RSTR,11.446584939956665,ShADTadtTtTtFr,143.88.1.18,42991,143.88.2.20,445,false,false,0,15623,74172,224,tcp,5007,31452,220,"ntlm,dce_rpc,gssapi,smb",1.710934582950366E9,CpiQkv3KaMplVIcvK1,2024-03-20T11:36:22.950Z,Privilege Escalation,Duplicate,Duplicate,Duplicate
1:IKicKvYD6ITDNV/8irAuh/ahWN8=,S0,0.0012340545654296875,S,143.88.14.11,34623,143.88.15.12,445,false,false,0,0,240,4,tcp,0,0,0,,1.710650515166564E9,CAtZB644BP4e6CN3a,2024-03-17T04:41:55.166Z,Privilege Escalation,Duplicate,Duplicate,Duplicate
1:zDgPa7hDXejJDj9ESj7eBKZOqeg=,S0,0.0014750957489013672,S,143.88.8.12,41815,143.88.9.10,445,false,false,0,0,240,4,tcp,0,0,0,,1.710929535839345E9,C8cmjP3aLyu4Gbi5ga,2024-03-20T10:12:15.839Z,Privilege Escalation,Duplicate,Duplicate,Duplicate
1:wLTmKaIqG8tHiPr94/qINMZEovM=,S0,0.0018918514251708984,S,143.88.11.10,46137,143.88.12.14,445,false,false,0,0,240,4,tcp,0,0,0,,1.710785577221899E9,C1TNZ020U5MKNpunw9,2024-03-18T18:12:57.221Z,Privilege Escalation,Duplicate,Duplicate,Duplicate
1:VJW/Pmd0+8khKlv/F7mYgtHoNDI=,RSTO,0.003231048583984375,ShR,143.88.1.18,59954,143.88.2.20,445,false,false,0,0,336,8,tcp,0,176,4,,1.710828452402246E9,ChNLFA7Yjtz8PKfRg,2024-03-19T06:07:32.402Z,Privilege Escalation,Duplicate,Duplicate,Duplicate
1:gUw/kpVTBk4qsioC6B2rrcz2v4o=,RSTR,0.20158600807189941,ShADTdtTtFar,143.88.12.12,40555,143.88.13.10,445,false,false,0,8193,37588,92,tcp,2186,13304,88,"gssapi,smb,ntlm",1.710992002285648E9,C8CdKl1MmKapqAl8x,2024-03-21T03:33:22.285Z,Privilege Escalation,Duplicate,Duplicate,Duplicate
1:YZEnOHmTgOKiRvaDSr63XT2bkn4=,RSTO,0.2101120948791504,ShADTdtTtR,143.88.12.12,40697,143.88.13.10,445,false,false,0,14353,64308,132,tcp,3026,18376,120,"gssapi,smb,ntlm",1.711145828865629E9,C26PWR3TicnSNlrXM1,2024-03-22T22:17:08.865Z,Privilege Escalation,Duplicate,Duplicate,Duplicate
1:cor5pOwG5Aj+AUakh5q9uFdniV0=,S0,5.621910095214844E-4,S,143.88.5.14,34243,143.88.6.13,445,false,false,0,0,240,4,tcp,0,0,0,,1.710792467108332E9,CKLDuE3xWHJLn7QtFf,2024-03-18T20:07:47.108Z,Privilege Escalation,Duplicate,Duplicate,Duplicate
1:jNKRZtunG5JZ3gDkCfAA5YIw3lY=,S0,0.0012831687927246094,S,143.88.15.10,37105,143.88.1.19,445,false,false,0,0,240,4,tcp,0,0,0,,1.710844227073618E9,CCVKz545Pze5JhGvK5,2024-03-19T10:30:27.073Z,Privilege Escalation,Duplicate,Duplicate,Duplicate
1:TuYZ5iABem47hVs2iOVyXE345FM=,S0,0.001905202865600586,S,143.88.14.11,37649,143.88.15.12,445,false,false,0,0,240,4,tcp,0,0,0,,1.710944448422129E9,C4fGT3ObG4zb4iAR,2024-03-20T14:20:48.422Z,Privilege Escalation,Duplicate,Duplicate,Duplicate
1:XFWFfYz7FrV+So7J2WX+QMrKXPA=,RSTO,0.0034019947052001953,ShR,143.88.1.18,38926,143.88.2.20,445,false,false,0,0,336,8,tcp,0,176,4,,1.711185574491294E9,CjD7meFOBFiWhl5a3,2024-03-23T09:19:34.491Z,Privilege Escalation,Duplicate,Duplicate,Duplicate
1:oQYW8ZAwJBtEYUP/RUwjBeCV0dQ=,RSTO,0.6388790607452393,ShADTFadtR,143.88.1.18,40525,143.88.2.20,445,false,false,0,73,1316,20,tcp,174,1352,12,gssapi,1.710746484602794E9,CkKAsz3mdUQtXeIOcb,2024-03-18T07:21:24.602Z,Privilege Escalation,Duplicate,Duplicate,Duplicate
1:6r4jYa7/Dko5gEp/wHAJd1CnVs0=,S0,8.330345153808594E-4,S,143.88.4.11,45957,143.88.5.12,445,false,false,0,0,240,4,tcp,0,0,0,,1.71118565323874E9,CU0Qn41TYckiyLQrr2,2024-03-23T09:20:53.238Z,Privilege Escalation,Duplicate,Duplicate,Duplicate
1:ixSgVsMGHPOuWQ5EWvO/VQ3Bw3Q=,S0,0.001165151596069336,S,143.88.15.10,32945,143.88.1.19,445,false,false,0,0,240,4,tcp,0,0,0,,1.710779358493486E9,CeGCQb1uBEK1CBhOqg,2024-03-18T16:29:18.493Z,Privilege Escalation,Duplicate,Duplicate,Duplicate
1:3WuS8Ey5NwvJX2xheOpJwg/9xWE=,S0,0.001194000244140625,S,143.88.9.12,34523,143.88.10.11,445,false,false,0,0,240,4,tcp,0,0,0,,1.71105937443294E9,CBJmZW2VLUe0rfNeM4,2024-03-21T22:16:14.432Z,Privilege Escalation,Duplicate,Duplicate,Duplicate
1:8JxPutv713ZEUjGLhPpZoZBq8mM=,S0,0.0013108253479003906,S,143.88.13.12,32805,143.88.14.12,445,false,false,0,0,240,4,tcp,0,0,0,,1.710959755704929E9,CWQCBK3Y7cfeZKnud3,2024-03-20T18:35:55.704Z,Privilege Escalation,Duplicate,Duplicate,Duplicate
1:j/0dHheuF8WSko3DJSjRSTn0eRI=,S0,0.0017189979553222656,S,143.88.8.12,35995,143.88.9.10,445,false,false,0,0,240,4,tcp,0,0,0,,1.711216525005505E9,CKyfwk450DCKkOZ6xk,2024-03-23T17:55:25.005Z,Privilege Escalation,Duplicate,Duplicate,Duplicate
1:AIvMZrijOuQCWePaadK0iqbsZys=,RSTO,0.7912240028381348,ShADTFadtR,143.88.1.18,38523,143.88.2.20,445,false,false,0,73,1316,20,tcp,174,1352,12,gssapi,1.710737164484025E9,CTIGLc1rdANpoKgVsl,2024-03-18T04:46:04.484Z,Privilege Escalation,Duplicate,Duplicate,Duplicate
1:7XsubaDLjk/JVgbNv26/l9wkGd8=,RSTR,2.0245320796966553,ShADTdtTtTtFar,143.88.12.12,34257,143.88.13.10,445,false,false,0,24400,111776,272,tcp,6453,39108,256,"smb,dce_rpc,ntlm,gssapi",1.711114920699699E9,C21LMh3oqnZlPso2S9,2024-03-22T13:42:00.699Z,Privilege Escalation,Duplicate,Duplicate,Duplicate
1:zvN6STvHGTcCdKVIkjz2ytWgM6U=,RSTR,9.284934043884277,ShADTadtTtTtFr,143.88.1.18,44837,143.88.2.20,445,false,false,0,15271,72864,204,tcp,4594,28648,196,"smb,dce_rpc,ntlm,gssapi",1.710874694705821E9,CLDyEj2uU2Va9poQb1,2024-03-19T18:58:14.705Z,Privilege Escalation,Duplicate,Duplicate,Duplicate
1:bl4tqyKWIZ6f4pkq7TsvJJO12gY=,RSTO,15.628582954406738,ShADTadtTtTtFR,143.88.1.18,39471,143.88.2.20,445,false,false,0,13200,62868,172,tcp,3970,30776,284,"smb,dce_rpc,ntlm,gssapi",1.710714562785511E9,CDKDZr1y9VepnN0YXj,2024-03-17T22:29:22.785Z,Privilege Escalation,Duplicate,Duplicate,Duplicate
1:Aqla33GiGk+KTxZlc2yg7e1/2Ds=,RSTO,16.101648092269897,ShADTadtTtTtFR,143.88.1.18,44803,143.88.2.20,445,false,false,0,14858,70124,184,tcp,4210,31944,288,"gssapi,smb,ntlm,dce_rpc",1.710727681772028E9,Cio6U6EXdYg4ibgY3,2024-03-18T02:08:01.772Z,Privilege Escalation,Duplicate,Duplicate,Duplicate
1:xvsFZaF5YAOR3gSB/L+XD1t/bXg=,RSTO,15.778841972351074,ShADTadtTtTtFR,143.88.1.18,41619,143.88.2.20,445,false,false,0,14032,66404,176,tcp,3970,30984,288,"smb,dce_rpc,ntlm,gssapi",1.710766477391011E9,ChDxlx1I1VcXYArYk7,2024-03-18T12:54:37.391Z,Privilege Escalation,Duplicate,Duplicate,Duplicate
1:xcg/eRUBunSzIm56ToS1kbQSbMw=,RSTO,15.786158084869385,ShADTadtTtTtFR,143.88.1.18,42199,143.88.2.20,445,false,false,0,14519,68352,176,tcp,4042,31272,288,"gssapi,smb,ntlm,dce_rpc",1.710689280224999E9,CYyhus108kpkjkStH2,2024-03-17T15:28:00.224Z,Privilege Escalation,Duplicate,Duplicate,Duplicate
1:eL2el0nBc0e3KGPIA86tMv7xfXY=,S0,0.0013070106506347656,S,143.88.2.17,33297,143.88.3.14,445,false,false,0,0,240,4,tcp,0,0,0,,1.711061471981958E9,CAxFpz3YzlMQf68eVd,2024-03-21T22:51:11.981Z,Privilege Escalation,Duplicate,Duplicate,Duplicate
1:k6AdTnOsnZTlB7Q6koYIX3OcQ1M=,S0,0.0014410018920898438,S,143.88.2.17,32817,143.88.3.14,445,false,false,0,0,240,4,tcp,0,0,0,,1.71118318018216E9,CI2tiT2WiryRjRQVEe,2024-03-23T08:39:40.182Z,Privilege Escalation,Duplicate,Duplicate,Duplicate
1:SqWCyr4eESNcs6BTHBma2UHNxvA=,S0,0.0015099048614501953,S,143.88.2.17,42339,143.88.3.14,445,false,false,0,0,240,4,tcp,0,0,0,,1.711082171975244E9,C8jeP4297GrSdbs9pe,2024-03-22T04:36:11.975Z,Privilege Escalation,Duplicate,Duplicate,Duplicate
1:IsRG5EzmZ8nofDhtD/uDvjJb2lc=,S0,0.0016591548919677734,S,143.88.4.11,37003,143.88.5.12,445,false,false,0,0,240,4,tcp,0,0,0,,1.710695027574982E9,CCsot63R7XSOfySVSd,2024-03-17T17:03:47.574Z,Privilege Escalation,Duplicate,Duplicate,Duplicate
1:WFUE/l841sd4m0Cn8yAoV30oQRU=,S0,0.001728057861328125,S,143.88.7.11,43899,143.88.8.13,445,false,false,0,0,240,4,tcp,0,0,0,,1.710691287839465E9,CkRBGU2mQHRzSlFVl8,2024-03-17T16:01:27.839Z,Privilege Escalation,Duplicate,Duplicate,Duplicate
1:KcTlTuhIGSV4CsTtwBkXjzGl0P0=,S0,0.0011370182037353516,S,143.88.13.12,38033,143.88.14.12,445,false,false,0,0,240,4,tcp,0,0,0,,1.710655925116912E9,CQ45xK2RSqEuKwn3f5,2024-03-17T06:12:05.116Z,Privilege Escalation,Duplicate,Duplicate,Duplicate
1:dH4tz2xg33QatvZDHkS1EFEJJfU=,S0,0.0011680126190185547,S,143.88.3.11,44551,143.88.4.12,445,false,false,0,0,240,4,tcp,0,0,0,,1.710770859004758E9,COn9W93URs4rcwRGfd,2024-03-18T14:07:39.004Z,Privilege Escalation,Duplicate,Duplicate,Duplicate
1:TPdqVs2UV/huF8rMyQrxk7S6Wgw=,S0,0.0014219284057617188,S,143.88.4.11,38349,143.88.5.12,445,false,false,0,0,240,4,tcp,0,0,0,,1.710692664421185E9,CUy21nYNldkIDrW1e,2024-03-17T16:24:24.421Z,Privilege Escalation,Duplicate,Duplicate,Duplicate
1:9M7aoTCYyFk2CoqNtjQhSr8vyXc=,RSTR,9.804173946380615,ShADTadtTtTtFr,143.88.1.18,35803,143.88.2.20,445,false,false,0,15527,74512,216,tcp,4810,29928,204,"gssapi,dce_rpc,ntlm,smb",1.710846119149503E9,CV9GMsdwbqA8j4gT5,2024-03-19T11:01:59.149Z,Privilege Escalation,Duplicate,Duplicate,Duplicate
1:1unGGAVTycbBkxFmxpZafHt7H4c=,RSTR,11.345775127410889,ShADTadtTtTtFr,143.88.1.18,40699,143.88.2.20,445,false,false,0,16355,78240,224,tcp,5374,33848,236,"gssapi,dce_rpc,ntlm,smb",1.711126917457439E9,Ch0bQw1CXnyyMRRj9a,2024-03-22T17:01:57.457Z,Privilege Escalation,Duplicate,Duplicate,Duplicate
1:TRTl859i41W0Tre8mkCrrd8WjSg=,S0,0.0012340545654296875,S,143.88.8.12,37521,143.88.9.10,445,false,false,0,0,240,4,tcp,0,0,0,,1.71122041757641E9,CEu7Oo49RBU2K6cMke,2024-03-23T19:00:17.576Z,Privilege Escalation,Duplicate,Duplicate,Duplicate
1:N51gzrErVGtO8eN7+cekPTNoJQ0=,S0,0.0013949871063232422,S,143.88.15.10,34539,143.88.1.19,445,false,false,0,0,240,4,tcp,0,0,0,,1.711227260757511E9,CcGzed76iPEKe10H8,2024-03-23T20:54:20.757Z,Privilege Escalation,Duplicate,Duplicate,Duplicate
1:cOuqefA3hhQtLPV1ERhgEH8gZDY=,S0,0.0015039443969726562,S,143.88.9.12,46487,143.88.10.11,445,false,false,0,0,240,4,tcp,0,0,0,,1.711118900088771E9,CUl2cm3hohsWhZpQi9,2024-03-22T14:48:20.088Z,Privilege Escalation,Duplicate,Duplicate,Duplicate
1:3JveV1howdjV1NcSZgsMd9SbI1c=,S0,0.0017309188842773438,S,143.88.11.10,45395,143.88.12.14,445,false,false,0,0,240,4,tcp,0,0,0,,1.711237940377994E9,CDjOJ6JHh0ThW8wXe,2024-03-23T23:52:20.377Z,Privilege Escalation,Duplicate,Duplicate,Duplicate
1:VVAZQQw6sadgtmdj1zmT4aeUYiU=,RSTO,0.0018968582153320312,ShR,143.88.1.18,59559,143.88.2.20,445,false,false,0,0,336,8,tcp,0,176,4,,1.710669000882842E9,CKzJ1r3LLpcTmHbb8f,2024-03-17T09:50:00.882Z,Privilege Escalation,Duplicate,Duplicate,Duplicate
1:zclBfEL6w0UNYk80oXPiUdwfVo0=,RSTO,0.18727779388427734,ShADTdtTtR,143.88.12.12,37131,143.88.13.10,445,false,false,0,6345,29572,80,tcp,1934,11304,68,"ntlm,smb,gssapi",1.711209404300012E9,C4BvhR1FiUfcWDd2Q5,2024-03-23T15:56:44.300Z,Privilege Escalation,Duplicate,Duplicate,Duplicate
1:6tdsjAWL9gurB5lYeBD/1AuPa3k=,RSTR,11.129748106002808,ShADTadtTtTtFr,143.88.1.18,33267,143.88.2.20,445,false,false,0,16391,78300,228,tcp,5386,33432,228,"gssapi,smb,ntlm,dce_rpc",1.710897838688288E9,CLayBp4TEeNWYaAOIj,2024-03-20T01:23:58.688Z,Privilege Escalation,Duplicate,Duplicate,Duplicate
1:yK+Jk5GMAwIGDnQ5zCX/y2UFTPs=,RSTO,0.30060291290283203,ShADTFadtR,143.88.1.18,39229,143.88.2.20,445,false,false,0,73,1316,20,tcp,174,1352,12,gssapi,1.711063586891093E9,CrPqLM1MFA9k5y8fHa,2024-03-21T23:26:26.891Z,Privilege Escalation,Duplicate,Duplicate,Duplicate
1:A51/YWkyHYeiYBJT7mHDlGXwyGA=,S0,6.330013275146484E-4,S,143.88.2.17,32849,143.88.3.14,445,false,false,0,0,240,4,tcp,0,0,0,,1.710924373100534E9,Ciuany29gFh81xbuWg,2024-03-20T08:46:13.100Z,Privilege Escalation,Duplicate,Duplicate,Duplicate
1:0+83O+REzS7toarHxOSGcuCJKsY=,S0,0.001049041748046875,S,143.88.4.11,43619,143.88.5.12,445,false,false,0,0,240,4,tcp,0,0,0,,1.710988879041004E9,CJtAQ03Emf6tnzvVX5,2024-03-21T02:41:19.041Z,Privilege Escalation,Duplicate,Duplicate,Duplicate
1:teXnylJe6PlhUasXjSYAPzw0JGU=,S0,0.0011670589447021484,S,143.88.3.11,35813,143.88.4.12,445,false,false,0,0,240,4,tcp,0,0,0,,1.71090125912381E9,CD02B62kNbcaDMBE86,2024-03-20T02:20:59.123Z,Privilege Escalation,Duplicate,Duplicate,Duplicate
1:JiQG7hN2Fk7bQQmb/6YnpA/Kv28=,S0,0.0014481544494628906,S,143.88.15.10,35531,143.88.1.19,445,false,false,0,0,240,4,tcp,0,0,0,,1.710897422603669E9,CvMkzHRAaRsneawR6,2024-03-20T01:17:02.603Z,Privilege Escalation,Duplicate,Duplicate,Duplicate
1:hzfHT4g81GU5Ir/YMZibZnNLcaQ=,S0,0.0017049312591552734,S,143.88.8.12,34799,143.88.9.10,445,false,false,0,0,240,4,tcp,0,0,0,,1.710756543009357E9,CaAPHt3wcsYhEafYHc,2024-03-18T10:09:03.009Z,Privilege Escalation,Duplicate,Duplicate,Duplicate
1:V4nAicI6hDAPHhR9gGaG+EjkYAw=,S0,0.002015829086303711,S,143.88.7.11,42043,143.88.8.13,445,false,false,0,0,240,4,tcp,0,0,0,,1.711033184878456E9,CG0wT04U7S9SpLLJec,2024-03-21T14:59:44.878Z,Privilege Escalation,Duplicate,Duplicate,Duplicate
1:8mYO6ZVm48XqPdWZksw4HoOx23Y=,S0,0.0022161006927490234,S,143.88.2.17,37641,143.88.3.14,445,false,false,0,0,240,4,tcp,0,0,0,,1.710826091430605E9,CWsv3T3N4li7SzPyE7,2024-03-19T05:28:11.430Z,Privilege Escalation,Duplicate,Duplicate,Duplicate
1:rlSlVnfe+pO3cxR6yVIsZYPSLAM=,RSTR,10.96028995513916,ShADTadtTtTtFr,143.88.1.18,35073,143.88.2.20,445,false,false,0,15347,72028,204,tcp,4803,30012,208,"ntlm,dce_rpc,gssapi,smb",1.711100026468131E9,C5b6jtW2eLzxgLog8,2024-03-22T09:33:46.468Z,Privilege Escalation,Duplicate,Duplicate,Duplicate
1:roU/OQuPdRoIQ2MoYodN7b8iEKs=,S0,8.530616760253906E-4,S,143.88.7.11,39419,143.88.8.13,445,false,false,0,0,240,4,tcp,0,0,0,,1.711159366258461E9,C2YjC04FBN2LrjxBEj,2024-03-23T02:02:46.258Z,Privilege Escalation,Duplicate,Duplicate,Duplicate
1:n6eEwkfzNV70OAlyXHY+ZRmySv4=,S0,0.0010540485382080078,S,143.88.8.12,44901,143.88.9.10,445,false,false,0,0,240,4,tcp,0,0,0,,1.711071867517458E9,C0cTvg2yIrhXA9yVhc,2024-03-22T01:44:27.517Z,Privilege Escalation,Duplicate,Duplicate,Duplicate
1:3KE0qQv+O6Dezqd1VhaTVtBXmpc=,S0,0.0012650489807128906,S,143.88.13.12,37553,143.88.14.12,445,false,false,0,0,240,4,tcp,0,0,0,,1.710979999537323E9,CHg0v123e51p4dz4Uj,2024-03-21T00:13:19.537Z,Privilege Escalation,Duplicate,Duplicate,Duplicate
1:SYndLqpqoABnZUcrU7bVOBMed4k=,S0,0.0013928413391113281,S,143.88.7.11,41989,143.88.8.13,445,false,false,0,0,240,4,tcp,0,0,0,,1.711075709894864E9,CWfgmZ2y7gTB13RtJ,2024-03-22T02:48:29.894Z,Privilege Escalation,Duplicate,Duplicate,Duplicate
1:EkWK3X67SBvW+12AVKN4FbpU50Q=,S0,0.001566171646118164,S,143.88.15.10,45293,143.88.1.19,445,false,false,0,0,240,4,tcp,0,0,0,,1.710999024430611E9,C0dv3K1e3Pt8eP1gWk,2024-03-21T05:30:24.430Z,Privilege Escalation,Duplicate,Duplicate,Duplicate
1:dHLJDtX5jhfa7nlZByHyZdbfS2Y=,S0,0.0017020702362060547,S,143.88.2.17,43895,143.88.3.14,445,false,false,0,0,240,4,tcp,0,0,0,,1.711189352370127E9,C3EHcjvcpV6btABq7,2024-03-23T10:22:32.370Z,Privilege Escalation,Duplicate,Duplicate,Duplicate
1:Vcb6FxslcbwfabeZ91SoNSqX000=,S0,0.0018038749694824219,S,143.88.6.11,45287,143.88.7.14,445,false,false,0,0,240,4,tcp,0,0,0,,1.711178527418409E9,CQsn1x3ifArfhrW2mc,2024-03-23T07:22:07.418Z,Privilege Escalation,Duplicate,Duplicate,Duplicate
1:KW+751W+YT7G/BhJYAHk5VjYzP8=,S0,0.0018820762634277344,S,143.88.11.10,42195,143.88.12.14,445,false,false,0,0,240,4,tcp,0,0,0,,1.71115727744085E9,CVOLoq3oBuDQTw6ZJl,2024-03-23T01:27:57.440Z,Privilege Escalation,Duplicate,Duplicate,Duplicate
1:s46xvDxkDvDNOliUDh9b5orLbG4=,S0,0.001920938491821289,S,143.88.11.10,35335,143.88.12.14,445,false,false,0,0,240,4,tcp,0,0,0,,1.711206703253968E9,CnNxn81zmE33TbmgNb,2024-03-23T15:11:43.253Z,Privilege Escalation,Duplicate,Duplicate,Duplicate
1:CzG+nU/f4JPIw/+ab1llpi8FTOY=,RSTO,0.19431090354919434,ShADTdtTtR,143.88.12.12,36367,143.88.13.10,445,false,false,0,13121,58964,124,tcp,2858,17288,112,"smb,gssapi,ntlm",1.710930838038063E9,CsjmVw3SqHkUxvtQMl,2024-03-20T10:33:58.038Z,Privilege Escalation,Duplicate,Duplicate,Duplicate
1:dPv84Os1LzJxMefSANu3JkE5tKQ=,S0,0.0011479854583740234,S,143.88.14.11,38827,143.88.15.12,445,false,false,0,0,240,4,tcp,0,0,0,,1.710703461918299E9,CRlPYe1od91fTGr0Le,2024-03-17T19:24:21.918Z,Privilege Escalation,Duplicate,Duplicate,Duplicate
1:ClW1rQjT1p5dIUi0zsaG2JCiHpE=,S0,0.001277923583984375,S,143.88.6.11,43733,143.88.7.14,445,false,false,0,0,240,4,tcp,0,0,0,,1.710729384354207E9,CgxrWJ2LV9p9Kr2BI8,2024-03-18T02:36:24.354Z,Privilege Escalation,Duplicate,Duplicate,Duplicate
1:jGWjD8SFsXdiHIwnfWKbzRqsnEc=,S0,0.001291036605834961,S,143.88.9.12,40003,143.88.10.11,445,false,false,0,0,240,4,tcp,0,0,0,,1.710709880258743E9,CU6Bvc3BhJmOv7QR4h,2024-03-17T21:11:20.258Z,Privilege Escalation,Duplicate,Duplicate,Duplicate
1:QgwdHbVBjlNlZkOJblgEev8PK3k=,S0,0.0015840530395507812,S,143.88.6.11,33997,143.88.7.14,445,false,false,0,0,240,4,tcp,0,0,0,,1.710789938602238E9,CWo4eB4jRVcH1xEdtd,2024-03-18T19:25:38.602Z,Privilege Escalation,Duplicate,Duplicate,Duplicate
1:v31HYVbe6Z9KcBXLc80eJS0CPMM=,S0,0.0017290115356445312,S,143.88.4.11,40075,143.88.5.12,445,false,false,0,0,240,4,tcp,0,0,0,,1.711123047865417E9,CJsDdi4hFO6CD0gh8b,2024-03-22T15:57:27.865Z,Privilege Escalation,Duplicate,Duplicate,Duplicate
1:UoNqsA4VBsgnxwqhjAZK6mqWF1c=,S0,0.0019500255584716797,S,143.88.8.12,44789,143.88.9.10,445,false,false,0,0,240,4,tcp,0,0,0,,1.710730775600314E9,CoBGng1LBJnq2Er1Yb,2024-03-18T02:59:35.600Z,Privilege Escalation,Duplicate,Duplicate,Duplicate
1:IIpiHKd2wgZPAaObLZygVOKQ5bk=,S0,0.002003908157348633,S,143.88.8.12,42169,143.88.9.10,445,false,false,0,0,240,4,tcp,0,0,0,,1.711105343394865E9,CY3Vta2BlBV1PpkCki,2024-03-22T11:02:23.394Z,Privilege Escalation,Duplicate,Duplicate,Duplicate
1:yv40tPfN9cwUBv4NUpVEpIMXLB8=,S0,0.002053976058959961,S,143.88.11.10,41757,143.88.12.14,445,false,false,0,0,240,4,tcp,0,0,0,,1.710653016436985E9,CfWIU12H029SOgnOHh,2024-03-17T05:23:36.436Z,Privilege Escalation,Duplicate,Duplicate,Duplicate
1:Th5W2cub96qlQaoA+qUTU+omtIM=,S0,0.0010268688201904297,S,143.88.2.17,45729,143.88.3.14,445,false,false,0,0,240,4,tcp,0,0,0,,1.711026914438889E9,Cwg2kqODk9eL1o7L2,2024-03-21T13:15:14.438Z,Privilege Escalation,Duplicate,Duplicate,Duplicate
1:4CXyVg/TJGAwmAtx++rmXQWyzZw=,S0,0.0012869834899902344,S,143.88.11.10,42145,143.88.12.14,445,false,false,0,0,240,4,tcp,0,0,0,,1.711022980774127E9,CTsZQw2w5Gsmx0jMxh,2024-03-21T12:09:40.774Z,Privilege Escalation,Duplicate,Duplicate,Duplicate
1:YdM4CPBmqwUddR4iMab73fzq4XQ=,S0,0.0013689994812011719,S,143.88.5.14,40973,143.88.6.13,445,false,false,0,0,240,4,tcp,0,0,0,,1.71083034154405E9,C0S4fe5eauyDgund9,2024-03-19T06:39:01.544Z,Privilege Escalation,Duplicate,Duplicate,Duplicate
1:yrul5s8XQWFaprXy+/VKyrmIQXg=,S0,0.001522064208984375,S,143.88.6.11,33965,143.88.7.14,445,false,false,0,0,240,4,tcp,0,0,0,,1.710936518694459E9,CWoW4Pi1pBizd4lwh,2024-03-20T12:08:38.694Z,Privilege Escalation,Duplicate,Duplicate,Duplicate
1:NaIRVuvJOQMgbwnqxLLj06eZEy4=,S0,0.0015950202941894531,S,143.88.8.12,35269,143.88.9.10,445,false,false,0,0,240,4,tcp,0,0,0,,1.710643010826381E9,CJaDxa3jJPv67ZEX4i,2024-03-17T02:36:50.826Z,Privilege Escalation,Duplicate,Duplicate,Duplicate
1:E8XE8XnBA44u3XkfE2QTWlBnlVk=,S0,0.001775979995727539,S,143.88.4.11,45231,143.88.5.12,445,false,false,0,0,240,4,tcp,0,0,0,,1.710977292136509E9,C1M4E1oy8hYwJo6Cc,2024-03-20T23:28:12.136Z,Privilege Escalation,Duplicate,Duplicate,Duplicate
1:qZrDpPYc8McL1Tgk4dnorqvT/vA=,S0,0.002003192901611328,S,143.88.6.11,38399,143.88.7.14,445,false,false,0,0,240,4,tcp,0,0,0,,1.711185933822759E9,C6jQv62mV1vZQbF3Cc,2024-03-23T09:25:33.822Z,Privilege Escalation,Duplicate,Duplicate,Duplicate
1:RV//rHL9kY7VRgdg9nOshzgX0E0=,S0,0.002031087875366211,S,143.88.14.11,36857,143.88.15.12,445,false,false,0,0,240,4,tcp,0,0,0,,1.711025732428267E9,CEPnGI1n4IkAWpoTO1,2024-03-21T12:55:32.428Z,Privilege Escalation,Duplicate,Duplicate,Duplicate
1:eX87y4S1iLPwEcWhky10aLk2SDo=,RSTO,0.003679990768432617,ShR,143.88.1.18,40763,143.88.2.20,445,false,false,0,0,336,8,tcp,0,176,4,,1.710825799572496E9,Cj86LFnqbYIIGGsTg,2024-03-19T05:23:19.572Z,Privilege Escalation,Duplicate,Duplicate,Duplicate
1:fqcAJE22kUTJL1i7VPgYe4ARjFQ=,S0,5.991458892822266E-4,S,143.88.15.10,37211,143.88.1.19,445,false,false,0,0,240,4,tcp,0,0,0,,1.71089275321025E9,CKLqklFMkJaoVcDCf,2024-03-19T23:59:13.210Z,Privilege Escalation,Duplicate,Duplicate,Duplicate
1:qUiYWNbqfBoSQWbLwaPZf2PBCz4=,S0,0.0012140274047851562,S,143.88.13.12,38485,143.88.14.12,445,false,false,0,0,240,4,tcp,0,0,0,,1.711139586105949E9,CdsXRfomuHUbMRMw4,2024-03-22T20:33:06.105Z,Privilege Escalation,Duplicate,Duplicate,Duplicate
1:jrbheKO4vG5V8VBntptn32bGuV8=,S0,0.0012638568878173828,S,143.88.3.11,45941,143.88.4.12,445,false,false,0,0,240,4,tcp,0,0,0,,1.710876909659677E9,C6CjFv4rWLnA3OFSL,2024-03-19T19:35:09.659Z,Privilege Escalation,Duplicate,Duplicate,Duplicate
1:TnnZNsz0bxPEGuBeb0RK1j13UVI=,S0,0.0018160343170166016,S,143.88.6.11,33785,143.88.7.14,445,false,false,0,0,240,4,tcp,0,0,0,,1.711019300532569E9,Cyepzl1TnVZJy9hze,2024-03-21T11:08:20.532Z,Privilege Escalation,Duplicate,Duplicate,Duplicate
1:qeoo7PedQC6zsebUaF5gR61NcQI=,RSTO,0.21051287651062012,ShADTdtTtR,143.88.12.12,45767,143.88.13.10,445,false,false,0,10657,48276,108,tcp,2522,15112,96,"gssapi,smb,ntlm",1.710796656862374E9,CMwYHE2SgN1yx4Omh9,2024-03-18T21:17:36.862Z,Privilege Escalation,Duplicate,Duplicate,Duplicate
1:hnSuN7bizFNF5xCYFOGtYOnFT34=,RSTO,0.30956411361694336,ShADTFadtR,143.88.1.18,46589,143.88.2.20,445,false,false,0,73,1316,20,tcp,174,1352,12,gssapi,1.710845544565816E9,CMHRWy3UyvVlo0rYzg,2024-03-19T10:52:24.565Z,Privilege Escalation,Duplicate,Duplicate,Duplicate
1:PFmmd9n8fhEZH5N0bm2hr2H3bV4=,RSTO,0.35791897773742676,ShADTFadtR,143.88.1.18,34313,143.88.2.20,445,false,false,0,73,1316,20,tcp,174,1352,12,gssapi,1.71091083040714E9,CxwfFY1V8JFmFz9koh,2024-03-20T05:00:30.407Z,Privilege Escalation,Duplicate,Duplicate,Duplicate
1:GA6WtDJhGWk+ijcUE228QiKAVQI=,RSTO,0.3963499069213867,ShADTaFdtR,143.88.1.18,36079,143.88.2.20,445,false,false,0,73,1816,24,tcp,174,1608,16,gssapi,1.710856125363184E9,CDuZQKLwLJIuFuAvg,2024-03-19T13:48:45.363Z,Privilege Escalation,Duplicate,Duplicate,Duplicate
1:+JERtvfWvLeC9//us2tN+PC9i3o=,S0,9.949207305908203E-4,S,143.88.4.11,37203,143.88.5.12,445,false,false,0,0,240,4,tcp,0,0,0,,1.710638723386781E9,CiRa03228RbbZsXkG6,2024-03-17T01:25:23.386Z,Privilege Escalation,Duplicate,Duplicate,Duplicate
1:36s3Lq8NQwp5yCOoFiU/0pV5syw=,S0,0.0010418891906738281,S,143.88.13.12,44747,143.88.14.12,445,false,false,0,0,240,4,tcp,0,0,0,,1.710671764539726E9,CPExk43S6xG3Y0BS56,2024-03-17T10:36:04.539Z,Privilege Escalation,Duplicate,Duplicate,Duplicate
1:xhvtdqpi9hm3J0xO7ToApfcWBTA=,S0,0.0012447834014892578,S,143.88.8.12,37179,143.88.9.10,445,false,false,0,0,240,4,tcp,0,0,0,,1.710659468339831E9,CufUTzLNO2mrpRtMg,2024-03-17T07:11:08.339Z,Privilege Escalation,Duplicate,Duplicate,Duplicate
1:CwCZgmuajtVenSC3CuiLEKRIT+8=,S0,0.0013990402221679688,S,143.88.15.10,46369,143.88.1.19,445,false,false,0,0,240,4,tcp,0,0,0,,1.710876811876031E9,CMpYM944WFcdivl1qh,2024-03-19T19:33:31.876Z,Privilege Escalation,Duplicate,Duplicate,Duplicate
1:vVFAjtkqxdcEfiS/Zz5+uYCiTwY=,S0,0.0016508102416992188,S,143.88.6.11,39085,143.88.7.14,445,false,false,0,0,240,4,tcp,0,0,0,,1.710673614381143E9,C9SZ5n27wKFD5yWAa,2024-03-17T11:06:54.381Z,Privilege Escalation,Duplicate,Duplicate,Duplicate
1:5G5zkqf2BfesDoA/wrEvFFmxCs8=,S0,0.0011899471282958984,S,143.88.15.10,44645,143.88.1.19,445,false,false,0,0,240,4,tcp,0,0,0,,1.710934113820117E9,C5g3fl409EWZaOV4Le,2024-03-20T11:28:33.820Z,Privilege Escalation,Duplicate,Duplicate,Duplicate
1:6GCkSKKQ1IUFvyRZ8ZO80nEBQpE=,S0,0.00140380859375,S,143.88.7.11,37755,143.88.8.13,445,false,false,0,0,240,4,tcp,0,0,0,,1.710841592065642E9,C8FNk2gt4U2Hzy4Ce,2024-03-19T09:46:32.065Z,Privilege Escalation,Duplicate,Duplicate,Duplicate
1:EIBLd3SEh3+mAeEysqVaKBq1FaE=,S0,0.0014138221740722656,S,143.88.6.11,46443,143.88.7.14,445,false,false,0,0,240,4,tcp,0,0,0,,1.71120466596547E9,CR92xi1RbrV9wuMd05,2024-03-23T14:37:45.965Z,Privilege Escalation,Duplicate,Duplicate,Duplicate
1:2ANgjDtDhJENJ0vNQBnA9eoXv7M=,S0,0.0018649101257324219,S,143.88.6.11,32931,143.88.7.14,445,false,false,0,0,240,4,tcp,0,0,0,,1.71071794061555E9,C5eETh2hkKoUl6WsT2,2024-03-17T23:25:40.615Z,Privilege Escalation,Duplicate,Duplicate,Duplicate
1:Je17+8Kgs5yn7GzvktZXZdpXyZU=,S0,9.479522705078125E-4,S,143.88.9.12,38819,143.88.10.11,445,false,false,0,0,240,4,tcp,0,0,0,,1.71103704354483E9,CEyDALpa30erSpxM6,2024-03-21T16:04:03.544Z,Privilege Escalation,Duplicate,Duplicate,Duplicate
1:+UTBCO+03BjI1b0pfEFEK4QfzwM=,S0,0.001087188720703125,S,143.88.13.12,39131,143.88.14.12,445,false,false,0,0,240,4,tcp,0,0,0,,1.711154824133046E9,CQoJo21ZaeQLv5hLG6,2024-03-23T00:47:04.133Z,Privilege Escalation,Duplicate,Duplicate,Duplicate
1:D7RRBjTDLY97G1KBvlc2s7S8K1M=,S0,0.0010979175567626953,S,143.88.15.10,35247,143.88.1.19,445,false,false,0,0,240,4,tcp,0,0,0,,1.710927448695166E9,CqWeyW6QL39HRry5k,2024-03-20T09:37:28.695Z,Privilege Escalation,Duplicate,Duplicate,Duplicate
1:2bHUHoQWc1SZnqavmlL8Q0CS/6w=,S0,0.0011420249938964844,S,143.88.5.14,32831,143.88.6.13,445,false,false,0,0,240,4,tcp,0,0,0,,1.711082380327022E9,C2AHnj1n3mxmyQcGN2,2024-03-22T04:39:40.327Z,Privilege Escalation,Duplicate,Duplicate,Duplicate
1:SHhLewJeWqRfU0qmtk9ImziLXqU=,S0,0.0018031597137451172,S,143.88.7.11,40623,143.88.8.13,445,false,false,0,0,240,4,tcp,0,0,0,,1.710856147381429E9,C3kzV645dGNhUatsTb,2024-03-19T13:49:07.381Z,Privilege Escalation,Duplicate,Duplicate,Duplicate
1:kVLNk+VE9eIIykSjBffQKOBc8P0=,RSTO,0.1973569393157959,ShADTdtTtR,143.88.12.12,38671,143.88.13.10,445,false,false,0,14353,64308,132,tcp,3026,18376,120,"ntlm,gssapi,smb",1.711150296235027E9,CYqwlh1pEtpxS4FRMc,2024-03-22T23:31:36.235Z,Privilege Escalation,Duplicate,Duplicate,Duplicate
1:ZVyAjA95+ZbU4j359sFcH2ylLNs=,RSTR,0.20730018615722656,ShADTdtTtFar,143.88.12.12,40267,143.88.13.10,445,false,false,0,13737,61636,128,tcp,2942,18200,124,"ntlm,smb,gssapi",1.710825858319645E9,CbuAcp3wU2v2zLKSw2,2024-03-19T05:24:18.319Z,Privilege Escalation,Duplicate,Duplicate,Duplicate
1:sDwBRpwoNM+ylI8j8SbU6Jw5SUU=,RSTO,0.3154139518737793,ShADTFadtR,143.88.1.18,41309,143.88.2.20,445,false,false,0,73,1316,20,tcp,174,1352,12,gssapi,1.71093286872145E9,CzeAeu1LSLqAK6SWZd,2024-03-20T11:07:48.721Z,Privilege Escalation,Duplicate,Duplicate,Duplicate
1:KrQzyYCY/8h0OlXCy6yS+KFOcAU=,S0,0.001027822494506836,S,143.88.5.14,33333,143.88.6.13,445,false,false,0,0,240,4,tcp,0,0,0,,1.710781493444559E9,C8r8MNO1okrdvIPzl,2024-03-18T17:04:53.444Z,Privilege Escalation,Duplicate,Duplicate,Duplicate
1:kc7PrtPb9RgqSDri/V36trap9SA=,S0,0.0011098384857177734,S,143.88.3.11,41765,143.88.4.12,445,false,false,0,0,240,4,tcp,0,0,0,,1.71123409701553E9,C8cZYU37jnBmLgBt23,2024-03-23T22:48:17.015Z,Privilege Escalation,Duplicate,Duplicate,Duplicate
1:9xXg/EIWJ6h0nnPu++jPGuPpyEM=,S0,0.0011470317840576172,S,143.88.3.11,45471,143.88.4.12,445,false,false,0,0,240,4,tcp,0,0,0,,1.711211923732208E9,CvNKPz1j8cPlLeS8Zk,2024-03-23T16:38:43.732Z,Privilege Escalation,Duplicate,Duplicate,Duplicate
1:8cn9+/up8gsqOGaKO1BZzbrsTHI=,S0,0.0012180805206298828,S,143.88.5.14,33315,143.88.6.13,445,false,false,0,0,240,4,tcp,0,0,0,,1.710698293648284E9,CYJ6qU1tyay3Y2PHxd,2024-03-17T17:58:13.648Z,Privilege Escalation,Duplicate,Duplicate,Duplicate
1:8i5IRz9Lh/WTIebnEsjGK+iuYqk=,S0,0.0013670921325683594,S,143.88.9.12,37575,143.88.10.11,445,false,false,0,0,240,4,tcp,0,0,0,,1.711200913791024E9,CBYdTC1f9cf7aQiEn,2024-03-23T13:35:13.791Z,Privilege Escalation,Duplicate,Duplicate,Duplicate
1:NNa5h1GIc/LVeSEz8W0/usW8g3w=,S0,0.0016679763793945312,S,143.88.7.11,43805,143.88.8.13,445,false,false,0,0,240,4,tcp,0,0,0,,1.710722626751906E9,Cvq2MF1RfaQW1qfLG9,2024-03-18T00:43:46.751Z,Privilege Escalation,Duplicate,Duplicate,Duplicate
1:l6r0Itc2llVBo1KXVj2qkzVrH4o=,S0,0.0016870498657226562,S,143.88.3.11,42945,143.88.4.12,445,false,false,0,0,240,4,tcp,0,0,0,,1.710894714220625E9,CNfvFO15gnKXZ1LWl6,2024-03-20T00:31:54.220Z,Privilege Escalation,Duplicate,Duplicate,Duplicate
1:6YUFB8YNozDKhhpo0rMjiCl/g6A=,S0,0.001867055892944336,S,143.88.6.11,38813,143.88.7.14,445,false,false,0,0,240,4,tcp,0,0,0,,1.711027125383225E9,CEpcDnbh4wmYl8rF7,2024-03-21T13:18:45.383Z,Privilege Escalation,Duplicate,Duplicate,Duplicate
1:onLK3+lsugag/+9IoTBWBA1CxR4=,S0,0.0018949508666992188,S,143.88.2.17,43229,143.88.3.14,445,false,false,0,0,240,4,tcp,0,0,0,,1.710829385500917E9,CGwxfO3avPorhbh9Vh,2024-03-19T06:23:05.500Z,Privilege Escalation,Duplicate,Duplicate,Duplicate
1:bfMJKRMXNyfbHk0ynnBuOdXXeEo=,RSTO,0.20753693580627441,ShADTdtTtR,143.88.12.12,34053,143.88.13.10,445,false,false,0,13121,58964,124,tcp,2858,17288,112,"smb,gssapi,ntlm",1.711071022593343E9,CQhMSM3fPCNLfhqa49,2024-03-22T01:30:22.593Z,Privilege Escalation,Duplicate,Duplicate,Duplicate
1:AKWuscJi7oSiZC4UHFo8viy+cVI=,S0,6.959438323974609E-4,S,143.88.4.11,40897,143.88.5.12,445,false,false,0,0,240,4,tcp,0,0,0,,1.710802980760062E9,CLcs6C48gDSF53oseb,2024-03-18T23:03:00.760Z,Privilege Escalation,Duplicate,Duplicate,Duplicate
1:+zl1gSIhQgmifI88Qx9BPpZBkxI=,S0,0.00102996826171875,S,143.88.5.14,42375,143.88.6.13,445,false,false,0,0,240,4,tcp,0,0,0,,1.710885532139139E9,CjaPyC3IBv9N0ysM1a,2024-03-19T21:58:52.139Z,Privilege Escalation,Duplicate,Duplicate,Duplicate
1:C7y+HPC8BE/58O8XtJ16YX6ZtiA=,S0,0.0011379718780517578,S,143.88.5.14,41535,143.88.6.13,445,false,false,0,0,240,4,tcp,0,0,0,,1.710961402652638E9,CgbVC1NtKpkN8lqxh,2024-03-20T19:03:22.652Z,Privilege Escalation,Duplicate,Duplicate,Duplicate
1:2tL+7ToG/C5T8XHIBiF7ehsv/2E=,S0,0.0013170242309570312,S,143.88.6.11,43321,143.88.7.14,445,false,false,0,0,240,4,tcp,0,0,0,,1.711120206173099E9,CzaXldq3r5nsPQ9od,2024-03-22T15:10:06.173Z,Privilege Escalation,Duplicate,Duplicate,Duplicate
1:7+TVogDiea1BxCfT1Jj2T6HNitk=,S0,0.0014350414276123047,S,143.88.5.14,38839,143.88.6.13,445,false,false,0,0,240,4,tcp,0,0,0,,1.711093353444771E9,Ca7Uq2ZOTTbVPEqyf,2024-03-22T07:42:33.444Z,Privilege Escalation,Duplicate,Duplicate,Duplicate
1:IOhMmNpdMDvBJ1wKwYKp07Z5+zM=,S0,0.0012140274047851562,S,143.88.4.11,37545,143.88.5.12,445,false,false,0,0,240,4,tcp,0,0,0,,1.711119197593759E9,CiU3q11OPnB9kJphi3,2024-03-22T14:53:17.593Z,Privilege Escalation,Duplicate,Duplicate,Duplicate
1:HW9byRhZ8xaIW3fRxdYFvLDz5v8=,S0,0.001667022705078125,S,143.88.14.11,37685,143.88.15.12,445,false,false,0,0,240,4,tcp,0,0,0,,1.710792631499228E9,CMuUqb2DP1iBj6tc6g,2024-03-18T20:10:31.499Z,Privilege Escalation,Duplicate,Duplicate,Duplicate
1:Pce9vOJPz9fUc81QSDb/OWLX+g4=,RSTO,0.002557039260864258,ShR,143.88.1.18,44062,143.88.2.20,445,false,false,0,0,336,8,tcp,0,176,4,,1.710783149386081E9,CrxJEW2e0zK4pOD4gg,2024-03-18T17:32:29.386Z,Privilege Escalation,Duplicate,Duplicate,Duplicate
1:HnOtn6RiVowkeCX4Pp/fFSrnaE8=,S0,8.988380432128906E-4,S,143.88.2.17,37465,143.88.3.14,445,false,false,0,0,240,4,tcp,0,0,0,,1.710861762827089E9,CtvBBEqGfADy5w743,2024-03-19T15:22:42.827Z,Privilege Escalation,Duplicate,Duplicate,Duplicate
1:sXkP5FNIkzrpMxSvS/q3rv1e9FY=,S0,0.0011589527130126953,S,143.88.2.17,34771,143.88.3.14,445,false,false,0,0,240,4,tcp,0,0,0,,1.711076849257513E9,C1GnZL3MpnO4lGJ8sd,2024-03-22T03:07:29.257Z,Privilege Escalation,Duplicate,Duplicate,Duplicate
1:p+MKUVF2YZKaY+qi+N2H8Liwb0s=,S0,0.0011970996856689453,S,143.88.3.11,33041,143.88.4.12,445,false,false,0,0,240,4,tcp,0,0,0,,1.711200351398794E9,CHfyut3J5DCJUGg7Ea,2024-03-23T13:25:51.398Z,Privilege Escalation,Duplicate,Duplicate,Duplicate
1:Aa1ovgF69ICR6PnlJ7SxqmzKG98=,S0,0.0018100738525390625,S,143.88.4.11,42757,143.88.5.12,445,false,false,0,0,240,4,tcp,0,0,0,,1.710817042048312E9,CaHudb1t12OFVIg0zb,2024-03-19T02:57:22.048Z,Privilege Escalation,Duplicate,Duplicate,Duplicate
1:Ou9T4G5ykdKTg9iWixXVl7p2rZs=,S0,0.0023860931396484375,S,143.88.8.12,37539,143.88.9.10,445,false,false,0,0,240,4,tcp,0,0,0,,1.71084211686935E9,CHRlpd3n2TpgJQxQ2,2024-03-19T09:55:16.869Z,Privilege Escalation,Duplicate,Duplicate,Duplicate
1:/1o8K/2/3cXvpRyhfY1+sdzq00s=,S0,0.0011358261108398438,S,143.88.15.10,36087,143.88.1.19,445,false,false,0,0,240,4,tcp,0,0,0,,1.710624539123856E9,C3IJWM2XTor4ZHTA9f,2024-03-16T21:28:59.123Z,Privilege Escalation,Duplicate,Duplicate,Duplicate
1:u+e7kjSG1XyN8xzGeEjhlVeqcME=,S0,0.0017499923706054688,S,143.88.11.10,35893,143.88.12.14,445,false,false,0,0,240,4,tcp,0,0,0,,1.710562684044106E9,Cdup8p2nq5sh3Prv3f,2024-03-16T04:18:04.044Z,Privilege Escalation,Duplicate,Duplicate,Duplicate
1:ViTJxvZN+9yuyADX8OWOXgyoG0o=,S0,0.0012788772583007812,S,143.88.15.10,43743,143.88.1.19,445,false,false,0,0,240,4,tcp,0,0,0,,1.71051952529706E9,CSiCJs2Zhsfa0jmdwa,2024-03-15T16:18:45.297Z,Privilege Escalation,Duplicate,Duplicate,Duplicate
1:In2XEYbT9DcYAwO/aOWTuxmvMag=,S0,0.001291036605834961,S,143.88.2.17,41561,143.88.3.14,445,false,false,0,0,240,4,tcp,0,0,0,,1.710495189329311E9,ChsQj54x0eGVhtIQn7,2024-03-15T09:33:09.329Z,Privilege Escalation,Duplicate,Duplicate,Duplicate
1:js5OLNdvnGZa3eLDEj2I6k7YCQ8=,RSTO,0.7520260810852051,ShADTFadtR,143.88.1.18,43149,143.88.2.20,445,false,false,0,73,1316,20,tcp,174,1352,12,gssapi,1.710632989003464E9,CzCzll1drSJa7xwwUf,2024-03-16T23:49:49.003Z,Privilege Escalation,Duplicate,Duplicate,Duplicate
1:e7YF8AVConzbGIhjwObxIMJ6E0k=,S0,0.0011479854583740234,S,143.88.3.11,36649,143.88.4.12,445,false,false,0,0,240,4,tcp,0,0,0,,1.710527749415049E9,ClYuat12ZJZ2E5OlL,2024-03-15T18:35:49.415Z,Privilege Escalation,Duplicate,Duplicate,Duplicate
1:z97HkyRJDXTYhHCpuFdFj+6mZP4=,S0,0.001216888427734375,S,143.88.3.11,34969,143.88.4.12,445,false,false,0,0,240,4,tcp,0,0,0,,1.710440869295247E9,Covw5A330WlKNANd99,2024-03-14T18:27:49.295Z,Privilege Escalation,Duplicate,Duplicate,Duplicate
1:g4R+Rnyy7KRtY55BWPIrk4g2XQc=,RSTO,0.40064191818237305,ShADTFadtR,143.88.1.18,41427,143.88.2.20,445,false,false,0,73,1316,20,tcp,174,1352,12,gssapi,1.710464909795555E9,CcEzrC2IX4nCtnoth,2024-03-15T01:08:29.795Z,Privilege Escalation,Duplicate,Duplicate,Duplicate
1:pgMlf+yxnBPFN7RR9qa1xMAhAq0=,RSTO,0.8139698505401611,ShADTFadtR,143.88.1.18,42509,143.88.2.20,445,false,false,0,73,1316,20,tcp,174,1352,12,gssapi,1.71057992566683E9,CYe3Az4WS2zAACVKJa,2024-03-16T09:05:25.666Z,Privilege Escalation,Duplicate,Duplicate,Duplicate
1:Pc6EpSOAsyaP4bhZ6Yhtj6EeQHo=,S0,3.0177199840545654,S,143.88.13.12,40239,143.88.14.12,445,false,false,0,0,720,12,tcp,0,0,0,,1.710619470188715E9,CnwtEv3OZBwnlEFDeg,2024-03-16T20:04:30.188Z,Privilege Escalation,Duplicate,Duplicate,Duplicate
1:yfyViCGRTFaej/jUfRcU118uZF8=,S0,0.001425027847290039,S,143.88.6.11,34049,143.88.7.14,445,false,false,0,0,240,4,tcp,0,0,0,,1.710409032734566E9,C0Zrle4G8Tt6pe2pmf,2024-03-14T09:37:12.734Z,Privilege Escalation,Duplicate,Duplicate,Duplicate
1:Ej16GmRiYt/UxMDMqg2WgaNrXxk=,S0,0.0017290115356445312,S,143.88.7.11,34433,143.88.8.13,445,false,false,0,0,240,4,tcp,0,0,0,,1.710538644443914E9,CBi4Wu1upTSEzh2ALi,2024-03-15T21:37:24.443Z,Privilege Escalation,Duplicate,Duplicate,Duplicate
1:Gd6R0RtLTR5Optt4S6/w5M70mSA=,S0,0.0011420249938964844,S,143.88.11.10,36725,143.88.12.14,445,false,false,0,0,240,4,tcp,0,0,0,,1.710566762067796E9,CUALfR3iwJZ9HEksU2,2024-03-16T05:26:02.067Z,Privilege Escalation,Duplicate,Duplicate,Duplicate
1:vARqWGqOWHf4aOGSr2WlEPppb0k=,S0,0.001191854476928711,S,143.88.3.11,40521,143.88.4.12,445,false,false,0,0,240,4,tcp,0,0,0,,1.710591430431503E9,CGpJ9115zuq2bJTjSl,2024-03-16T12:17:10.431Z,Privilege Escalation,Duplicate,Duplicate,Duplicate
1:LA1tvJZi16pPXRZ3itkHx6cipYE=,S0,0.0012650489807128906,S,143.88.8.12,44295,143.88.9.10,445,false,false,0,0,240,4,tcp,0,0,0,,1.710503277717445E9,COs8rr3cQzv6wh6bef,2024-03-15T11:47:57.717Z,Privilege Escalation,Duplicate,Duplicate,Duplicate
1:UiE/XEO1PS0fj1fiLhiITOJUqo4=,S0,0.0021660327911376953,S,143.88.8.12,45317,143.88.9.10,445,false,false,0,0,240,4,tcp,0,0,0,,1.710415106160032E9,C7UU053FreBNu21be1,2024-03-14T11:18:26.160Z,Privilege Escalation,Duplicate,Duplicate,Duplicate
1:HjoDNz29/26OQKFAHDPlrDRDWHI=,S0,0.001138925552368164,S,143.88.9.12,38987,143.88.10.11,445,false,false,0,0,240,4,tcp,0,0,0,,1.710533296453974E9,CjRnn42CZuoe4Cxna4,2024-03-15T20:08:16.453Z,Privilege Escalation,Duplicate,Duplicate,Duplicate
1:VUV31Y+cNc+4MJIYQDXAlkFNZxw=,S0,0.0017628669738769531,S,143.88.13.12,37219,143.88.14.12,445,false,false,0,0,240,4,tcp,0,0,0,,1.710425845383002E9,CRHKCq2ZEQ45wnH0db,2024-03-14T14:17:25.383Z,Privilege Escalation,Duplicate,Duplicate,Duplicate
1:wMRiu0BsVlhk5ikWtoBN2nYuM8o=,RSTO,0.21821308135986328,ShADTdtTtR,143.88.12.12,38309,143.88.13.10,445,false,false,0,11889,53620,116,tcp,2690,16200,104,"ntlm,gssapi,smb",1.710496181495162E9,CoJHAZ2K7p1UMqz0Ok,2024-03-15T09:49:41.495Z,Privilege Escalation,Duplicate,Duplicate,Duplicate
1:sJDsI9Sf7egl0rts2X06kgjfCJM=,S0,9.748935699462891E-4,S,143.88.6.11,41519,143.88.7.14,445,false,false,0,0,240,4,tcp,0,0,0,,1.710617766840073E9,CcHVRm3BfTGgtqxw3,2024-03-16T19:36:06.840Z,Privilege Escalation,Duplicate,Duplicate,Duplicate
1:ZnPmAN4KhFCkk+tzLRwaOy024tA=,S0,0.0010449886322021484,S,143.88.9.12,38911,143.88.10.11,445,false,false,0,0,240,4,tcp,0,0,0,,1.710501249484563E9,CjXItc4BC2MbpYN5P4,2024-03-15T11:14:09.484Z,Privilege Escalation,Duplicate,Duplicate,Duplicate
1:HjZkFKqqruY7JuaD7f2orTGk+gs=,S0,0.0015649795532226562,S,143.88.9.12,44181,143.88.10.11,445,false,false,0,0,240,4,tcp,0,0,0,,1.710474559251388E9,CJ54XE2QPzjE36nz9f,2024-03-15T03:49:19.251Z,Privilege Escalation,Duplicate,Duplicate,Duplicate
1:DZVBhLhfs8Hgg63Az840/sGLmvY=,S0,0.0018210411071777344,S,143.88.6.11,41531,143.88.7.14,445,false,false,0,0,240,4,tcp,0,0,0,,1.710502385307252E9,C3YUik2JK5b0KmtAPl,2024-03-15T11:33:05.307Z,Privilege Escalation,Duplicate,Duplicate,Duplicate
1:JC2HKJ8ajFi5AKfh+7DjFcFQmVI=,S0,0.0012340545654296875,S,143.88.11.10,37729,143.88.12.14,445,false,false,0,0,240,4,tcp,0,0,0,,1.710580437546759E9,C7D5LLAiIcG7LQFO8,2024-03-16T09:13:57.546Z,Privilege Escalation,Duplicate,Duplicate,Duplicate
1:g+q990ZqRXqQLv3YI59qWGM6XTM=,S0,0.0012760162353515625,S,143.88.5.14,45275,143.88.6.13,445,false,false,0,0,240,4,tcp,0,0,0,,1.710383815104653E9,CjVkcx3N2kxHgDsLF5,2024-03-14T02:36:55.104Z,Privilege Escalation,Duplicate,Duplicate,Duplicate
1:wgDkwqXk3oOut10sfGyOtkaCj28=,S0,0.0013189315795898438,S,143.88.9.12,35825,143.88.10.11,445,false,false,0,0,240,4,tcp,0,0,0,,1.710420392398864E9,C8DQjr1S3zt1DCWGIc,2024-03-14T12:46:32.398Z,Privilege Escalation,Duplicate,Duplicate,Duplicate
1:AGjjuYaszDEauI+BrM7KbXqPQaw=,S0,0.0013539791107177734,S,143.88.15.10,40959,143.88.1.19,445,false,false,0,0,240,4,tcp,0,0,0,,1.710433903819652E9,CHhA4W2WC7MVcX5Kdi,2024-03-14T16:31:43.819Z,Privilege Escalation,Duplicate,Duplicate,Duplicate
1:ZOFNK0n/jfzc0bKYXVAOViv4ZAg=,S0,0.0013589859008789062,S,143.88.14.11,37251,143.88.15.12,445,false,false,0,0,240,4,tcp,0,0,0,,1.710468199380585E9,CtTtwZ35dGFGErY7g4,2024-03-15T02:03:19.380Z,Privilege Escalation,Duplicate,Duplicate,Duplicate
1:biGjK1JUs0zkd3lVRNX/7Eke9Xw=,S0,0.0014088153839111328,S,143.88.5.14,43899,143.88.6.13,445,false,false,0,0,240,4,tcp,0,0,0,,1.710592662845451E9,CciIRV1wzDAzvc77a5,2024-03-16T12:37:42.845Z,Privilege Escalation,Duplicate,Duplicate,Duplicate
1:DaepNrYIjHKoHhOXdhHyqSn5e84=,S0,0.0011379718780517578,S,143.88.6.11,45325,143.88.7.14,445,false,false,0,0,240,4,tcp,0,0,0,,1.710540193047739E9,C6ut4H1bAoRsJcWJd,2024-03-15T22:03:13.047Z,Privilege Escalation,Duplicate,Duplicate,Duplicate
1:67E2QXs6g8BfAvHLpdAkNnQjg1I=,S0,7.829666137695312E-4,S,143.88.15.10,35351,143.88.1.19,445,false,false,0,0,240,4,tcp,0,0,0,,1.710536215304755E9,C0I4k54lOQ2P6yitjl,2024-03-15T20:56:55.304Z,Privilege Escalation,Duplicate,Duplicate,Duplicate
1:ArwhWu8qdqVhETlWEjjGhzSA1Ek=,S0,0.0012230873107910156,S,143.88.2.17,41145,143.88.3.14,445,false,false,0,0,240,4,tcp,0,0,0,,1.710618453527947E9,CsbhYk1nM1rjzQftw,2024-03-16T19:47:33.527Z,Privilege Escalation,Duplicate,Duplicate,Duplicate
1:49+9r6bJRIC4uiHaAGwRoX5PkDw=,S0,0.002407073974609375,S,143.88.14.11,41329,143.88.15.12,445,false,false,0,0,240,4,tcp,0,0,0,,1.710426089645911E9,C4u7x47IiI8TsY7M,2024-03-14T14:21:29.645Z,Privilege Escalation,Duplicate,Duplicate,Duplicate
1:JzSkdxAj6OQbzP1jhN5Sthuu1Rc=,RSTO,0.22624802589416504,ShADTdtTtR,143.88.1.18,36717,143.88.2.20,445,false,false,0,9421,42916,100,tcp,2354,14024,88,"ntlm,gssapi,smb",1.7104184763374E9,C2VYhx42O4LLWEATHa,2024-03-14T12:14:36.337Z,Privilege Escalation,Duplicate,Duplicate,Duplicate
1:PrWPNjxcKgYLV0/5pyjFz3MivWo=,S0,0.0010731220245361328,S,143.88.13.12,46351,143.88.14.12,445,false,false,0,0,240,4,tcp,0,0,0,,1.710390282794685E9,CksJWCr0S4FEctXQl,2024-03-14T04:24:42.794Z,Privilege Escalation,Duplicate,Duplicate,Duplicate
1:M1s7sazpGATHwgUirbCeZ5IpzyE=,S0,0.0013349056243896484,S,143.88.7.11,38999,143.88.8.13,445,false,false,0,0,240,4,tcp,0,0,0,,1.710588010617011E9,CbEryY24YaIpCnyAec,2024-03-16T11:20:10.617Z,Privilege Escalation,Duplicate,Duplicate,Duplicate
1:3vfzjWPRG1UGFzUgriICR84OjX8=,S0,0.0012269020080566406,S,143.88.4.11,41411,143.88.5.12,445,false,false,0,0,240,4,tcp,0,0,0,,1.710613170650831E9,CL8Q3G2Zak2gOhGhX7,2024-03-16T18:19:30.650Z,Privilege Escalation,Duplicate,Duplicate,Duplicate
1:JOPgybJ3hZzGTapvjq8ezZkYUK0=,S0,0.0014541149139404297,S,143.88.13.12,35343,143.88.14.12,445,false,false,0,0,240,4,tcp,0,0,0,,1.710407831442113E9,CRTmol1Pb8EIFeqoB4,2024-03-14T09:17:11.442Z,Privilege Escalation,Duplicate,Duplicate,Duplicate
1:xa05wcNW28/HsJuKnF8HafDlaRk=,S0,0.0017540454864501953,S,143.88.3.11,37923,143.88.4.12,445,false,false,0,0,240,4,tcp,0,0,0,,1.710398048563374E9,C4wJQp18gtTSxTba96,2024-03-14T06:34:08.563Z,Privilege Escalation,Duplicate,Duplicate,Duplicate
1:rHR9oLoRwzDV4Q5MoEx4B8mtJoA=,S0,0.0013630390167236328,S,143.88.7.11,42485,143.88.8.13,445,false,false,0,0,240,4,tcp,0,0,0,,1.710474678505792E9,CwwqppUZkYugb7LRf,2024-03-15T03:51:18.505Z,Privilege Escalation,Duplicate,Duplicate,Duplicate
1:dNjyJl/qI+9s1t61oucH9g+KZ8E=,S0,0.0015900135040283203,S,143.88.7.11,41997,143.88.8.13,445,false,false,0,0,240,4,tcp,0,0,0,,1.710376926937511E9,Cx7lQVxlOpxrzw87k,2024-03-14T00:42:06.937Z,Privilege Escalation,Duplicate,Duplicate,Duplicate
1:nJCgZRagXhFyQTal1Bzn/FAxAdc=,S0,9.219646453857422E-4,S,143.88.5.14,37911,143.88.6.13,445,false,false,0,0,240,4,tcp,0,0,0,,1.710611891694726E9,Ce8V4n17kS3TAmLoi4,2024-03-16T17:58:11.694Z,Privilege Escalation,Duplicate,Duplicate,Duplicate
1:EDdkQOoFQOhi+PrahMUrc6fzDX0=,S0,0.002415895462036133,S,143.88.7.11,43707,143.88.8.13,445,false,false,0,0,240,4,tcp,0,0,0,,1.710600921119877E9,CAGGbq4CCYKoNe8zc8,2024-03-16T14:55:21.119Z,Privilege Escalation,Duplicate,Duplicate,Duplicate
1:JMF6ZQ55u9KimMLiTFim7lPS3eM=,RSTO,16.613500833511353,ShADTadtTtTtFR,143.88.1.18,38459,143.88.2.20,445,false,false,0,15183,70368,180,tcp,4398,33480,304,"gssapi,smb,ntlm,dce_rpc",1.710584920217277E9,CeoWLV3Ls3dkNdW5jk,2024-03-16T10:28:40.217Z,Privilege Escalation,Duplicate,Duplicate,Duplicate
1:TV83+jIDSg/UfuwgMirE4661PLY=,S0,0.0018908977508544922,S,143.88.2.17,33541,143.88.3.14,445,false,false,0,0,240,4,tcp,0,0,0,,1.710597716831854E9,CbKyIz2hWgJQHTHbzi,2024-03-16T14:01:56.831Z,Privilege Escalation,Duplicate,Duplicate,Duplicate
1:jf6iUJ6JzqFIIkz9M/9HmvENtEc=,S0,0.001071929931640625,S,143.88.3.11,44467,143.88.4.12,445,false,false,0,0,240,4,tcp,0,0,0,,1.710477066888741E9,CNmEmF1kEahYJyLv7g,2024-03-15T04:31:06.888Z,Privilege Escalation,Duplicate,Duplicate,Duplicate
1:YEOOyVEejSjbejqyPmM6eHBbe4Y=,S0,0.0014119148254394531,S,143.88.2.17,40011,143.88.3.14,445,false,false,0,0,240,4,tcp,0,0,0,,1.710550983064203E9,CuW9zc2UU7Faz0duUk,2024-03-16T01:03:03.064Z,Privilege Escalation,Duplicate,Duplicate,Duplicate
1:5McsIMDtSFv6h+HK9DRYdW7ZDto=,S0,0.0016298294067382812,S,143.88.2.17,46879,143.88.3.14,445,false,false,0,0,240,4,tcp,0,0,0,,1.710397808313553E9,CVBCit4ibcGYa5A9oh,2024-03-14T06:30:08.313Z,Privilege Escalation,Duplicate,Duplicate,Duplicate
1:kIky6ijZR+kaioegimoXQYP7KZQ=,S0,8.838176727294922E-4,S,143.88.11.10,37065,143.88.12.14,445,false,false,0,0,240,4,tcp,0,0,0,,1.710626413412316E9,CGLHle2bNjfIdzGk18,2024-03-16T22:00:13.412Z,Privilege Escalation,Duplicate,Duplicate,Duplicate
1:4BQnuSh+fzpEsUJqH0+KNYVhexk=,S0,0.0011510848999023438,S,143.88.2.17,36865,143.88.3.14,445,false,false,0,0,240,4,tcp,0,0,0,,1.710382051797709E9,Cpemf22ifCQfPiwad4,2024-03-14T02:07:31.797Z,Privilege Escalation,Duplicate,Duplicate,Duplicate
1:nTc/tZsW+yooA0Hg37e39lFLA6E=,S0,0.0015690326690673828,S,143.88.3.11,33073,143.88.4.12,445,false,false,0,0,240,4,tcp,0,0,0,,1.710575102730823E9,CUoCYw3xymi6PVuRH,2024-03-16T07:45:02.730Z,Privilege Escalation,Duplicate,Duplicate,Duplicate
1:Uf9i/ebYfzf4xQ5VVXvApgkUAm8=,S0,0.0015690326690673828,S,143.88.13.12,36863,143.88.14.12,445,false,false,0,0,240,4,tcp,0,0,0,,1.710393675009984E9,CKGRdC10oFPYKlgIr6,2024-03-14T05:21:15.009Z,Privilege Escalation,Duplicate,Duplicate,Duplicate
1:QFoqaSKgwGr3D3TsbZE0nbteZRg=,S0,0.0016520023345947266,S,143.88.8.12,45391,143.88.9.10,445,false,false,0,0,240,4,tcp,0,0,0,,1.710381274405064E9,CQvlUA1JRVLNWHqTQa,2024-03-14T01:54:34.405Z,Privilege Escalation,Duplicate,Duplicate,Duplicate
1:Ha74ZTCKjBerx3tu7YfDpTnLzEU=,S0,0.0013151168823242188,S,143.88.13.12,46299,143.88.14.12,445,false,false,0,0,240,4,tcp,0,0,0,,1.710494046033243E9,CQLOA4232Hdz931Ylk,2024-03-15T09:14:06.033Z,Privilege Escalation,Duplicate,Duplicate,Duplicate
1:JYNJNex+Hg8hJ7KMBYhfr551SKs=,S0,0.0016531944274902344,S,143.88.9.12,36937,143.88.10.11,445,false,false,0,0,240,4,tcp,0,0,0,,1.710375133490059E9,CghdP94xZCBjtrYwf,2024-03-14T00:12:13.490Z,Privilege Escalation,Duplicate,Duplicate,Duplicate
1:aYjutR/g+YexLZlVODfl9ZMq1S0=,RSTO,0.20856404304504395,ShADTdtTtR,143.88.12.12,40969,143.88.13.10,445,false,false,0,15585,69652,140,tcp,3194,19464,128,"gssapi,smb,ntlm",1.710633357345831E9,CJfu7k42rNgFm4Qja3,2024-03-16T23:55:57.345Z,Privilege Escalation,Duplicate,Duplicate,Duplicate
1:/3DrdI1M0rHBF7UC+aKx1P0BsPM=,RSTR,0.7655870914459229,ShADTdtTtTtFar,143.88.1.18,42115,143.88.2.20,445,false,false,0,15475,72956,212,tcp,4714,27992,176,"gssapi,dce_rpc,ntlm,smb",1.710412094845039E9,Cioizt1don7Xc7ubK8,2024-03-14T10:28:14.845Z,Privilege Escalation,Duplicate,Duplicate,Duplicate
1:Zx4ji03jAlyNLejc+6hesMY8tbg=,S0,0.0015549659729003906,S,143.88.8.12,38819,143.88.9.10,445,false,false,0,0,240,4,tcp,0,0,0,,1.710423772469264E9,C3GO0513Qr6sYUjjvi,2024-03-14T13:42:52.469Z,Privilege Escalation,Duplicate,Duplicate,Duplicate
1:O67xG+/VE1PEthCza5omSlKHR5U=,S0,0.0015690326690673828,S,143.88.11.10,40813,143.88.12.14,445,false,false,0,0,240,4,tcp,0,0,0,,1.710422668282074E9,CrLpwg3VtBmatGZGY,2024-03-14T13:24:28.282Z,Privilege Escalation,Duplicate,Duplicate,Duplicate
1:XKN7FOy2KG2JDSAjoF24Plb6B9o=,S0,0.0016460418701171875,S,143.88.14.11,44833,143.88.15.12,445,false,false,0,0,240,4,tcp,0,0,0,,1.710581426370609E9,CkgWIR1Yh8tCxWTBl9,2024-03-16T09:30:26.370Z,Privilege Escalation,Duplicate,Duplicate,Duplicate
1:0o+X84/+PHrtHlccJ/D9cEu0rIg=,S0,0.0017750263214111328,S,143.88.7.11,42847,143.88.8.13,445,false,false,0,0,240,4,tcp,0,0,0,,1.710541037024074E9,Cz5edO3lLuLbI1Gxwk,2024-03-15T22:17:17.024Z,Privilege Escalation,Duplicate,Duplicate,Duplicate
1:LQYioOzph46iD4jBM/VDYASf8P4=,S0,0.0020258426666259766,S,143.88.7.11,38423,143.88.8.13,445,false,false,0,0,240,4,tcp,0,0,0,,1.710434287446973E9,CVIMRd2QguwQlEfdLj,2024-03-14T16:38:07.446Z,Privilege Escalation,Duplicate,Duplicate,Duplicate
1:K90McW3kjr3/yQMUuNJnVsa0IEo=,S0,0.0011141300201416016,S,143.88.15.10,34863,143.88.1.19,445,false,false,0,0,240,4,tcp,0,0,0,,1.709392821547634E9,CidJPr1E3FmlvNcWdd,2024-03-02T15:20:21.547Z,Privilege Escalation,Duplicate,Duplicate,Duplicate
1:OzH03JoUeAUrU+pH/YnwNesNi0M=,S0,0.001455068588256836,S,143.88.15.10,34165,143.88.1.19,445,false,false,0,0,240,4,tcp,0,0,0,,1.709160656266501E9,C9iuAi3pl36iuAdij2,2024-02-28T22:50:56.266Z,Privilege Escalation,Duplicate,Duplicate,Duplicate
1:ATSwj4pT3zyCHthuA80OjLvTEvY=,S0,0.0018529891967773438,S,143.88.11.10,43815,143.88.12.14,445,false,false,0,0,240,4,tcp,0,0,0,,1.709112298564197E9,CBFZpe4HNcMoQRZwfh,2024-02-28T09:24:58.564Z,Privilege Escalation,Duplicate,Duplicate,Duplicate
1:ZN2rMMmLt5SI6r52Q0T3Sp5RrR8=,S0,0.0020999908447265625,S,143.88.3.11,45875,143.88.4.12,445,false,false,0,0,240,4,tcp,0,0,0,,1.709317520940528E9,ClKyMhiWVdXTQhm2,2024-03-01T18:25:20.940Z,Privilege Escalation,Duplicate,Duplicate,Duplicate
1:HcX0T9128Mro54sdRqYn5sUe9jg=,S0,0.0014069080352783203,S,143.88.15.10,39541,143.88.1.19,445,false,false,0,0,240,4,tcp,0,0,0,,1.709303902061443E9,CC21Vn4KAJhtDsNam9,2024-03-01T14:38:22.061Z,Privilege Escalation,Duplicate,Duplicate,Duplicate
1:RkEIqMk+bNM04WkGEXZGU3czHec=,S0,0.0015120506286621094,S,143.88.13.12,42199,143.88.14.12,445,false,false,0,0,240,4,tcp,0,0,0,,1.709373384586828E9,CuVZi9PinFu5dHorf,2024-03-02T09:56:24.586Z,Privilege Escalation,Duplicate,Duplicate,Duplicate
1:qwSHueRRbZXCURkCRsV/L+4+ggg=,S0,0.0016088485717773438,S,143.88.15.10,46601,143.88.1.19,445,false,false,0,0,240,4,tcp,0,0,0,,1.709414655655569E9,Ce0mc72bRU3zbmDN3f,2024-03-02T21:24:15.655Z,Privilege Escalation,Duplicate,Duplicate,Duplicate
1:PptCweVayo96mw0xcw6XnRKeuJI=,S0,0.0016210079193115234,S,143.88.7.11,36297,143.88.8.13,445,false,false,0,0,240,4,tcp,0,0,0,,1.709344794121482E9,Cv9y3T30qNMnOoxT7h,2024-03-02T01:59:54.121Z,Privilege Escalation,Duplicate,Duplicate,Duplicate
1:sykgrdOLaTsVUYQYBJBIoEWxVmw=,S0,0.0019519329071044922,S,143.88.8.12,32805,143.88.9.10,445,false,false,0,0,240,4,tcp,0,0,0,,1.709137320929034E9,CbuK5SLOvj97qULvh,2024-02-28T16:22:00.929Z,Privilege Escalation,Duplicate,Duplicate,Duplicate
1:cUo3e/2Gn5wBklUgHaVWwVy9rHY=,RSTO,0.20499300956726074,ShADTdtTtR,143.88.12.12,42605,143.88.13.10,445,false,false,0,8809,40260,96,tcp,2270,13480,84,"gssapi,smb,ntlm",1.709119906799032E9,CYJ3AX1JUNod4f9wQi,2024-02-28T11:31:46.799Z,Privilege Escalation,Duplicate,Duplicate,Duplicate
1:4w7d9aYWaFA2iGU9tRvO77o+Y8E=,RSTO,0.22661089897155762,ShADTdtTtR,143.88.12.12,33011,143.88.13.10,445,false,false,0,6961,32244,84,tcp,2018,11848,72,"ntlm,smb,gssapi",1.709358962810626E9,CozX3m4dyfJQ5Qp4hc,2024-03-02T05:56:02.810Z,Privilege Escalation,Duplicate,Duplicate,Duplicate
1:BEknckE/td4/NPNnDQAHAu2zN8w=,RSTR,2.059900999069214,ShADTdtTtTtFar,143.88.1.18,34067,143.88.2.20,445,false,false,0,15231,71564,204,tcp,4695,28124,180,"gssapi,dce_rpc,smb,ntlm",1.709372788625816E9,CMpT6D13ae5OJwbeek,2024-03-02T09:46:28.625Z,Privilege Escalation,Duplicate,Duplicate,Duplicate
1:SUl1RhjDgHh+6WRVJNTs3XComY4=,S0,8.971691131591797E-4,S,143.88.14.11,38081,143.88.15.12,445,false,false,0,0,240,4,tcp,0,0,0,,1.709331627609197E9,CxWciL1Se0bnC0Bzu7,2024-03-01T22:20:27.609Z,Privilege Escalation,Duplicate,Duplicate,Duplicate
1:SyJeRROSxs56feHShRT/tLFUxu8=,S0,0.0014920234680175781,S,143.88.2.17,44347,143.88.3.14,445,false,false,0,0,240,4,tcp,0,0,0,,1.709260327992331E9,CO5dCu47GDKzDgZYvk,2024-03-01T02:32:07.992Z,Privilege Escalation,Duplicate,Duplicate,Duplicate
1:5ax8WOJojlIVWIbcavVvhUtT1VU=,S0,0.0015149116516113281,S,143.88.13.12,46841,143.88.14.12,445,false,false,0,0,240,4,tcp,0,0,0,,1.709252270553899E9,CQuBzcOduJHzFoAH,2024-03-01T00:17:50.553Z,Privilege Escalation,Duplicate,Duplicate,Duplicate
1:guyK8tuXWHFz7LQOmSRBAaszUSA=,S0,0.0016541481018066406,S,143.88.15.10,42599,143.88.1.19,445,false,false,0,0,240,4,tcp,0,0,0,,1.709156657046558E9,CvenNkGwK4urNltv4,2024-02-28T21:44:17.046Z,Privilege Escalation,Duplicate,Duplicate,Duplicate
1:bevAdvFQG8Y41uf8Qr72KcJZC7Y=,S0,0.001711130142211914,S,143.88.13.12,38581,143.88.14.12,445,false,false,0,0,240,4,tcp,0,0,0,,1.709264442400368E9,CWzxih14HlaOtu49b3,2024-03-01T03:40:42.400Z,Privilege Escalation,Duplicate,Duplicate,Duplicate
1:hWUyEZlCY85ztg9fOYZBBOHJr4A=,RSTO,0.20334291458129883,ShADTdtTtR,143.88.12.12,40721,143.88.13.10,445,false,false,0,7577,34916,88,tcp,2102,12392,76,"ntlm,smb,gssapi",1.709102507342026E9,CynLtX1LQQ34kAvBWe,2024-02-28T06:41:47.342Z,Privilege Escalation,Duplicate,Duplicate,Duplicate
1:2VzII4eUIMKrmkGCWtEhL3FQpKo=,RSTO,0.20833706855773926,ShADTdtTtR,143.88.12.12,33607,143.88.13.10,445,false,false,0,11273,50948,112,tcp,2606,15656,100,"ntlm,smb,gssapi",1.709386350670779E9,CDCG764SGhzHUo1qil,2024-03-02T13:32:30.670Z,Privilege Escalation,Duplicate,Duplicate,Duplicate
1:J+Xp5lJvrsyTsK/Akxrg79hxoBo=,RSTR,9.851398944854736,ShADTadtTtTtFr,143.88.1.18,33041,143.88.2.20,445,false,false,0,15679,75036,220,tcp,4882,30168,204,"dce_rpc,ntlm,smb,gssapi",1.709421088894119E9,CGUKQ11YsDrtywRQMg,2024-03-02T23:11:28.894Z,Privilege Escalation,Duplicate,Duplicate,Duplicate
1:WLDvy+RUeNBq6X8y7haLaKOLfRI=,RSTR,0.5410811901092529,ShADTdtTtTtFar,143.88.1.18,37637,143.88.2.20,445,false,false,0,15555,72236,192,tcp,4870,29240,188,"ntlm,dce_rpc,smb,gssapi",1.709282520449349E9,Cub1cn2g2J9ppT0nq2,2024-03-01T08:42:00.449Z,Privilege Escalation,Duplicate,Duplicate,Duplicate
1:h0ZXYtZlCGM4K/hV3qhKXCjlI5g=,RSTR,10.654237031936646,ShADTadtTtTtFr,143.88.1.18,38195,143.88.2.20,445,false,false,0,15791,75552,232,tcp,5038,31416,216,"gssapi,dce_rpc,smb,ntlm",1.709412872844554E9,CIyXFO3WRGeYENcwA6,2024-03-02T20:54:32.844Z,Privilege Escalation,Duplicate,Duplicate,Duplicate
1:XlqdAvrcfxMhpRglaKVkEhGKaJM=,S0,0.0016109943389892578,S,143.88.14.11,42471,143.88.15.12,445,false,false,0,0,240,4,tcp,0,0,0,,1.709395595666048E9,C7VsAEo1WbC3VQlt4,2024-03-02T16:06:35.666Z,Privilege Escalation,Duplicate,Duplicate,Duplicate
1:2XydbtEAKYPhOfHNqkYO4BH5HKE=,S0,0.0017399787902832031,S,143.88.13.12,35011,143.88.14.12,445,false,false,0,0,240,4,tcp,0,0,0,,1.709141985166313E9,C8hi3k4383Owc5IVl8,2024-02-28T17:39:45.166Z,Privilege Escalation,Duplicate,Duplicate,Duplicate
1:Ej16GmRiYt/UxMDMqg2WgaNrXxk=,S0,0.0017621517181396484,S,143.88.7.11,34433,143.88.8.13,445,false,false,0,0,240,4,tcp,0,0,0,,1.709138807245699E9,CETjRq3yKd20m33qch,2024-02-28T16:46:47.245Z,Privilege Escalation,Duplicate,Duplicate,Duplicate
1:c/pkJc6ADGfhc7jKHU0FhGshLto=,S0,0.0014729499816894531,S,143.88.6.11,42559,143.88.7.14,445,false,false,0,0,240,4,tcp,0,0,0,,1.709288559052896E9,CAa6Wr2E4F4aWdW7h,2024-03-01T10:22:39.052Z,Privilege Escalation,Duplicate,Duplicate,Duplicate
1:FL14ZOUz5NA3VNP4TwlR8314UTg=,S0,0.0016520023345947266,S,143.88.6.11,43175,143.88.7.14,445,false,false,0,0,240,4,tcp,0,0,0,,1.709243547601418E9,CjpHix424lAYmqdcS9,2024-02-29T21:52:27.601Z,Privilege Escalation,Duplicate,Duplicate,Duplicate
1:zrDrkLmbzFIKLTnHC5oFNoW9k4Q=,RSTO,0.2033541202545166,ShADTdtTtR,143.88.12.12,36211,143.88.13.10,445,false,false,0,8193,37588,92,tcp,2186,12936,80,"gssapi,smb,ntlm",1.709160221029146E9,CXTmWe4hrRBqrCW5l4,2024-02-28T22:43:41.029Z,Privilege Escalation,Duplicate,Duplicate,Duplicate
1:+o7AKyyVZEJ0/6opJ4OmvvpreaY=,S0,6.399154663085938E-4,S,143.88.5.14,42603,143.88.6.13,445,false,false,0,0,240,4,tcp,0,0,0,,1.709101052941544E9,CJVkbA5Wx7Dt2y7ee,2024-02-28T06:17:32.941Z,Privilege Escalation,Duplicate,Duplicate,Duplicate
1:okHhaj7HfTNmzBVkcbNeOaDPKK8=,S0,0.0011680126190185547,S,143.88.4.11,39897,143.88.5.12,445,false,false,0,0,240,4,tcp,0,0,0,,1.709413229030443E9,CiqCL13iWM9mvakjYc,2024-03-02T21:00:29.030Z,Privilege Escalation,Duplicate,Duplicate,Duplicate
1:ic8Vsmq7J7RI3ofpyLHy4w9R2gk=,S0,0.001294851303100586,S,143.88.13.12,43975,143.88.14.12,445,false,false,0,0,240,4,tcp,0,0,0,,1.70939228469018E9,CaP4wM1ozcZw28Jcn3,2024-03-02T15:11:24.690Z,Privilege Escalation,Duplicate,Duplicate,Duplicate
1:1DhyyeJgvc1yXJaT5qXAqcoaAGI=,S0,0.0013260841369628906,S,143.88.6.11,44263,143.88.7.14,445,false,false,0,0,240,4,tcp,0,0,0,,1.709402749316465E9,CU8G6s45wkyukO8vT8,2024-03-02T18:05:49.316Z,Privilege Escalation,Duplicate,Duplicate,Duplicate
1:OSxv5wV7K1g7iA1xyc3Obx6h/Mo=,S0,0.001399993896484375,S,143.88.4.11,38581,143.88.5.12,445,false,false,0,0,240,4,tcp,0,0,0,,1.709207634198486E9,CFXyC03DhMUXsjhSHj,2024-02-29T11:53:54.198Z,Privilege Escalation,Duplicate,Duplicate,Duplicate
1:vB1gWeTR7yBf/O4qok4LWc2SpBU=,S0,0.0021638870239257812,S,143.88.14.11,33205,143.88.15.12,445,false,false,0,0,240,4,tcp,0,0,0,,1.709144276183046E9,CBVe3C4ICRKrobmdOe,2024-02-28T18:17:56.183Z,Privilege Escalation,Duplicate,Duplicate,Duplicate
1:XxNNll6wQvHk1qla1IFzyAY8Ru8=,S0,0.0012140274047851562,S,143.88.7.11,44837,143.88.8.13,445,false,false,0,0,240,4,tcp,0,0,0,,1.709252902841704E9,CYBGde3XHJgIdA2M21,2024-03-01T00:28:22.841Z,Privilege Escalation,Duplicate,Duplicate,Duplicate
1:rzDRXGj6Oq7esYawTlENiGmcsv8=,RSTO,0.20314908027648926,ShADTdtTtR,143.88.12.12,36941,143.88.13.10,445,false,false,0,8193,37588,92,tcp,2186,12936,80,"ntlm,smb,gssapi",1.709254223544062E9,CpkhFrEIHaKYt2Wz7,2024-03-01T00:50:23.544Z,Privilege Escalation,Duplicate,Duplicate,Duplicate
1:casIufU6FO0j5HQgGMzcizqetvU=,S0,0.0013949871063232422,S,143.88.3.11,37913,143.88.4.12,445,false,false,0,0,240,4,tcp,0,0,0,,1.709121233533093E9,CCRiKJ1AN0o3JPaO5c,2024-02-28T11:53:53.533Z,Privilege Escalation,Duplicate,Duplicate,Duplicate
1:62ghyPuitsGpgZ8Pk2s/kcPX14k=,S0,0.0016319751739501953,S,143.88.5.14,40571,143.88.6.13,445,false,false,0,0,240,4,tcp,0,0,0,,1.709275552666938E9,CVgdEw3xljVmhLVAFf,2024-03-01T06:45:52.666Z,Privilege Escalation,Duplicate,Duplicate,Duplicate
1:Ux0aBfGRAQoe9kplg32rep+KY+0=,S0,0.0014879703521728516,S,143.88.2.17,37535,143.88.3.14,445,false,false,0,0,240,4,tcp,0,0,0,,1.709115727917207E9,CBamxP3md6wBk27Zbe,2024-02-28T10:22:07.917Z,Privilege Escalation,Duplicate,Duplicate,Duplicate
1:j1ci0GD5sdR7LgK1ucbz5FiiyXI=,S0,0.002039194107055664,S,143.88.8.12,45091,143.88.9.10,445,false,false,0,0,240,4,tcp,0,0,0,,1.709304151875795E9,CKXBzd49AIFVE88h2,2024-03-01T14:42:31.875Z,Privilege Escalation,Duplicate,Duplicate,Duplicate
1:llZKwlV9BBBSAR280JDpYYufaT8=,RSTO,0.2278280258178711,ShADTdtTtR,143.88.1.18,46377,143.88.2.20,445,false,false,0,9421,42916,100,tcp,2354,14024,88,"gssapi,smb,ntlm",1.709094951365427E9,Ck7RrG3UYiJyrNy5ld,2024-02-28T04:35:51.365Z,Privilege Escalation,Duplicate,Duplicate,Duplicate
1:az3joKdQJYJg5Ix8wEo45TzRSz0=,S0,0.0013539791107177734,S,143.88.2.17,33993,143.88.3.14,445,false,false,0,0,240,4,tcp,0,0,0,,1.709164176464946E9,Coor9643ZpbX86Taej,2024-02-28T23:49:36.464Z,Privilege Escalation,Duplicate,Duplicate,Duplicate
1:SaI4TSe5CB44BuQ8S4SRtjC2KcI=,S0,0.0015790462493896484,S,143.88.13.12,37909,143.88.14.12,445,false,false,0,0,240,4,tcp,0,0,0,,1.70933074175576E9,C30tNO3cGVcnogNyD6,2024-03-01T22:05:41.755Z,Privilege Escalation,Duplicate,Duplicate,Duplicate
1:3rh+GE/whEQJfIGViZI9ouG7hms=,S0,0.0017850399017333984,S,143.88.9.12,37943,143.88.10.11,445,false,false,0,0,240,4,tcp,0,0,0,,1.709182792521084E9,CtYVsK2oxtNilWYxy6,2024-02-29T04:59:52.521Z,Privilege Escalation,Duplicate,Duplicate,Duplicate
1:02ZmQZ3ASF86Yb8oHuGXgGCOwKY=,S0,0.0018010139465332031,S,143.88.5.14,34651,143.88.6.13,445,false,false,0,0,240,4,tcp,0,0,0,,1.70926503856691E9,CxW88i1smP5Jl3Mbv6,2024-03-01T03:50:38.566Z,Privilege Escalation,Duplicate,Duplicate,Duplicate
1:FZN6R5QitORi/DJWKSjvczGDQFQ=,S0,0.0027692317962646484,S,143.88.3.11,38107,143.88.4.12,445,false,false,0,0,240,4,tcp,0,0,0,,1.709371375723791E9,CRd9dZ3Lgoz1prO2zf,2024-03-02T09:22:55.723Z,Privilege Escalation,Duplicate,Duplicate,Duplicate
1:fUHnVHCvNrWVAfkZ95nDeK8ucl4=,S0,0.0013880729675292969,S,143.88.11.10,44861,143.88.12.14,445,false,false,0,0,240,4,tcp,0,0,0,,1.709127160980183E9,CyNZ0k4BqvR1DXNkfg,2024-02-28T13:32:40.980Z,Privilege Escalation,Duplicate,Duplicate,Duplicate
1:3P3VIv5AC+Cjkz/qg9nrE9kGLQo=,S0,0.0014009475708007812,S,143.88.13.12,35165,143.88.14.12,445,false,false,0,0,240,4,tcp,0,0,0,,1.709165078568021E9,ClKeTm48LCYhBbhpRh,2024-02-29T00:04:38.568Z,Privilege Escalation,Duplicate,Duplicate,Duplicate
1:n3y29fvoM/XxD34RxlLbwogl/hE=,S0,0.0016109943389892578,S,143.88.8.12,34263,143.88.9.10,445,false,false,0,0,240,4,tcp,0,0,0,,1.709366301160175E9,Cg4dzR20cKy3edSTPf,2024-03-02T07:58:21.160Z,Privilege Escalation,Duplicate,Duplicate,Duplicate
1:CcEqZV7tD5FSczwMh+wvmXntRYE=,S0,0.0016291141510009766,S,143.88.5.14,34127,143.88.6.13,445,false,false,0,0,240,4,tcp,0,0,0,,1.709164311936374E9,CjkVfd3HMWimAA7PU,2024-02-28T23:51:51.936Z,Privilege Escalation,Duplicate,Duplicate,Duplicate
1:orgyZMX4IlxL/wW6UTmQJgJSmwA=,S0,0.0016739368438720703,S,143.88.5.14,43649,143.88.6.13,445,false,false,0,0,240,4,tcp,0,0,0,,1.709234776008479E9,Ckf5R84PUNKdS8SJue,2024-02-29T19:26:16.008Z,Privilege Escalation,Duplicate,Duplicate,Duplicate
1:qrf3OnzLLfD7gH7X9IGUH2S8g1E=,S0,0.0014810562133789062,S,143.88.11.10,44553,143.88.12.14,445,false,false,0,0,240,4,tcp,0,0,0,,1.709137029340442E9,CWapVU3JGPPBQgek31,2024-02-28T16:17:09.340Z,Privilege Escalation,Duplicate,Duplicate,Duplicate
1:e5zGCeng+o+ayUDJr0OwrLWqElU=,S0,0.001569986343383789,S,143.88.13.12,34827,143.88.14.12,445,false,false,0,0,240,4,tcp,0,0,0,,1.709152379701585E9,CCmAFt2Rf7Mrmeya61,2024-02-28T20:32:59.701Z,Privilege Escalation,Duplicate,Duplicate,Duplicate
1:lLPrrp3r25LPEI7OjklimRQa4LQ=,RSTO,0.2233119010925293,ShADTdtTtR,143.88.12.12,44987,143.88.13.10,445,false,false,0,5113,24228,72,tcp,1766,10216,60,"ntlm,smb,gssapi",1.709155927996505E9,CTGh5j18yX0oAcKAO,2024-02-28T21:32:07.996Z,Privilege Escalation,Duplicate,Duplicate,Duplicate
1:/QLk8JUdr2zVkZXqgZoiuc9auAQ=,S0,0.0010771751403808594,S,143.88.6.11,35009,143.88.7.14,445,false,false,0,0,240,4,tcp,0,0,0,,1.709167159146056E9,CeTY8RuQL6qCGpSF2,2024-02-29T00:39:19.146Z,Privilege Escalation,Duplicate,Duplicate,Duplicate
1:tp4wJAZrQx7n0ncQL2f6TAgs96k=,S0,0.0011248588562011719,S,143.88.5.14,37625,143.88.6.13,445,false,false,0,0,240,4,tcp,0,0,0,,1.709286010805608E9,CeAXPU1TB23Ywp1Or2,2024-03-01T09:40:10.805Z,Privilege Escalation,Duplicate,Duplicate,Duplicate
1:mZJPRoiiiPDKpky7F44bleJrPmA=,S0,0.0015971660614013672,S,143.88.14.11,36409,143.88.15.12,445,false,false,0,0,240,4,tcp,0,0,0,,1.709378698719298E9,CJRasiBtq1XSh5bNc,2024-03-02T11:24:58.719Z,Privilege Escalation,Duplicate,Duplicate,Duplicate
1:RyWchZ2yx7MVfqktwDpIxh6JSbQ=,S0,0.0010929107666015625,S,143.88.11.10,41449,143.88.12.14,445,false,false,0,0,240,4,tcp,0,0,0,,1.709221323112317E9,CO7ILv1A8Z1GTrqFn6,2024-02-29T15:42:03.112Z,Privilege Escalation,Duplicate,Duplicate,Duplicate
1:kgB+FlcaC+rkUpK1IyDsIyYo8KY=,S0,0.0011289119720458984,S,143.88.4.11,40683,143.88.5.12,445,false,false,0,0,240,4,tcp,0,0,0,,1.70938453804811E9,CZyg7G3aVgUIjlUCH9,2024-03-02T13:02:18.048Z,Privilege Escalation,Duplicate,Duplicate,Duplicate
1:59oD8tUEopW4l+v/fXWcDIiE6+Q=,S0,0.0014619827270507812,S,143.88.2.17,43257,143.88.3.14,445,false,false,0,0,240,4,tcp,0,0,0,,1.709264517704042E9,CC7wHa4bW7nADNuIo7,2024-03-01T03:41:57.704Z,Privilege Escalation,Duplicate,Duplicate,Duplicate
1:X+68f5j4OXVyQg3JKXE7/J1+u3s=,S0,0.001561880111694336,S,143.88.3.11,45415,143.88.4.12,445,false,false,0,0,240,4,tcp,0,0,0,,1.709199168920175E9,Cdwfqb12Kysd8wDBUk,2024-02-29T09:32:48.920Z,Privilege Escalation,Duplicate,Duplicate,Duplicate
1:K1x1H7S+3MN3S7H6LqbYhWT4Pq4=,S0,0.0016710758209228516,S,143.88.15.10,36879,143.88.1.19,445,false,false,0,0,240,4,tcp,0,0,0,,1.709122979051203E9,C04uG64RWR0dXTUx02,2024-02-28T12:22:59.051Z,Privilege Escalation,Duplicate,Duplicate,Duplicate
1:eu75lJF9cuzB3OIxiou9bluY+Z8=,S0,0.001695871353149414,S,143.88.2.17,35497,143.88.3.14,445,false,false,0,0,240,4,tcp,0,0,0,,1.709189240752644E9,CL8vmr1bVEVPYAM714,2024-02-29T06:47:20.752Z,Privilege Escalation,Duplicate,Duplicate,Duplicate
1:8lSIC/E5yIKSgTbWVWzaj+EfWAs=,S0,0.0016078948974609375,S,143.88.5.14,43749,143.88.6.13,445,false,false,0,0,240,4,tcp,0,0,0,,1.709185484419701E9,CujMVKmUWoSch4iw6,2024-02-29T05:44:44.419Z,Privilege Escalation,Duplicate,Duplicate,Duplicate
1:2BvYfPVg0CiNMFHgMB49ineX+ws=,S0,0.0018630027770996094,S,143.88.11.10,41251,143.88.12.14,445,false,false,0,0,240,4,tcp,0,0,0,,1.709149084226281E9,Cx07v13Sl1m9lccxNd,2024-02-28T19:38:04.226Z,Privilege Escalation,Duplicate,Duplicate,Duplicate
1:3n5sMCweo33rfX1oSwIK/9ZiMDo=,S0,0.0013060569763183594,S,143.88.6.11,36401,143.88.7.14,445,false,false,0,0,240,4,tcp,0,0,0,,1.709174418130303E9,C00a981UO6H1zMJwvc,2024-02-29T02:40:18.130Z,Privilege Escalation,Duplicate,Duplicate,Duplicate
1:vwg/WyetyWvLArMUjT+/GijeFTk=,S0,0.0015308856964111328,S,143.88.15.10,42433,143.88.1.19,445,false,false,0,0,240,4,tcp,0,0,0,,1.709136280723823E9,CLa5RM3FgQNIhr1R41,2024-02-28T16:04:40.723Z,Privilege Escalation,Duplicate,Duplicate,Duplicate
1:bOwJjJrb+7VZcFMdN0+9Gv3p0iw=,S0,0.0015568733215332031,S,143.88.11.10,35427,143.88.12.14,445,false,false,0,0,240,4,tcp,0,0,0,,1.709097153630764E9,CYJZkK2BktiXKM1MOd,2024-02-28T05:12:33.630Z,Privilege Escalation,Duplicate,Duplicate,Duplicate
1:Rvmh/HdPyj2SyiS41cRxUHAuOfg=,S0,0.00177001953125,S,143.88.13.12,45189,143.88.14.12,445,false,false,0,0,240,4,tcp,0,0,0,,1.709232753412944E9,C4sNSb3jsn3nkjEu63,2024-02-29T18:52:33.412Z,Privilege Escalation,Duplicate,Duplicate,Duplicate
1:rZm5cTvVqTcrYTXU3215kU/hr8g=,RSTR,0.20429301261901855,ShADTdtTtFar,143.88.12.12,44011,143.88.13.10,445,false,false,0,8809,40260,96,tcp,2270,13848,92,"ntlm,smb,gssapi",1.709142233186163E9,CjbcBk3f8sBTttfcg1,2024-02-28T17:43:53.186Z,Privilege Escalation,Duplicate,Duplicate,Duplicate
1:XczJVTqoU/f6apKzo5TZN9hQ1CU=,S0,0.0013370513916015625,S,143.88.15.10,36491,143.88.1.19,445,false,false,0,0,240,4,tcp,0,0,0,,1.709219709239328E9,C4Nj993445OnEczjt6,2024-02-29T15:15:09.239Z,Privilege Escalation,Duplicate,Duplicate,Duplicate
1:IxmDnaZwrKgczqaTlpRS2K1RN9s=,S0,0.0015399456024169922,S,143.88.14.11,41327,143.88.15.12,445,false,false,0,0,240,4,tcp,0,0,0,,1.70933974822017E9,CKFaoTL8zH6FGCYjj,2024-03-02T00:35:48.220Z,Privilege Escalation,Duplicate,Duplicate,Duplicate
1:TyEG/VxlZULvlsH8jD/1U5IVSTs=,RSTO,0.19588899612426758,ShADTdtTtFaRR,143.88.12.12,45581,143.88.13.10,445,false,false,0,1325,7940,52,tcp,1134,6440,36,"ntlm,smb,gssapi",1.709335906077697E9,Cc4WMR17hxlEdeVHM9,2024-03-01T23:31:46.077Z,Privilege Escalation,Duplicate,Duplicate,Duplicate
1:y9rnYnO4f18ojXdLyT9E0gpuhkk=,RSTO,0.23115897178649902,ShADTdtTtR,143.88.1.18,42615,143.88.2.20,445,false,false,0,10037,45588,104,tcp,2438,14568,92,"gssapi,smb,ntlm",1.709142214867233E9,CKGsd42lMGE79YPRzd,2024-02-28T17:43:34.867Z,Privilege Escalation,Duplicate,Duplicate,Duplicate
1:BS2ibi4dQc9Lc2dAu/PMeN0ADbA=,RSTR,2.1250720024108887,ShADTdtTtTtFar,143.88.1.18,37043,143.88.2.20,445,false,false,0,15739,78380,296,tcp,4954,29784,192,"gssapi,dce_rpc,smb,ntlm",1.709335162345799E9,Cd3qYr2lVdW85g43wk,2024-03-01T23:19:22.345Z,Privilege Escalation,Duplicate,Duplicate,Duplicate
